Android_Time,Work_Cycle,Left_Arm_Activity,Left_Arm_Angle,Left_Arm_Speed,Right_Arm_Activity,Right_Arm_Angle,Right_Arm_Speed,Trunk_Activity,Trunk_Angle,Glove_Angle_Activity,Wrist_Angle,Glove_Speed_Activity,Wrist_Speed,Glove_Pressure_Activity,Thumb_Pressure
hhmmss,NUMBER,STATUS,degrees,degrees/s,STATUS,degrees,degrees/s,STATUS,degrees,STATUS,degrees,STATUS,degrees/s,STATUS,N
000000,-1,0,0.000000,0.000000,0,0.000000,0.000000,0,0.000000,0,0.000000,0,0.000000,0,0.000000
130923,-1,1,58.415684,0.000000,2,60.877293,0.000000,0,-3.894959,0,0.000000,0,0.000000,0,0.000000
130924,-1,1,58.427437,0.000000,2,60.928398,0.000000,0,-3.880072,0,0.000000,0,0.000000,0,0.000000
130925,-1,1,58.340813,0.450185,2,60.931854,0.571852,0,-3.888576,0,0.000000,0,0.000000,0,0.000000
130926,-1,1,58.334175,0.348157,2,60.913425,0.500507,0,-3.874238,0,0.000000,0,0.000000,0,0.000000
130927,-1,1,58.365646,0.349015,2,60.882931,0.484058,0,-3.904813,0,0.000000,0,0.000000,0,0.000000
130928,-1,1,58.370754,0.327011,2,60.939106,0.475167,0,-3.847280,0,0.000000,0,0.000000,0,0.000000
130930,-1,1,58.474621,0.366259,2,60.643456,0.454549,0,-3.855204,0,0.000000,0,0.000000,0,0.000000
130930,-1,0,0.074837,10.020373,0,0.140946,10.462543,0,0.014255,0,0.000000,0,0.000000,0,0.000000
130931,-1,0,0.074837,8.588892,0,0.140946,8.967894,0,0.027194,0,0.000000,0,0.000000,0,0.000000
130932,-1,0,0.024899,7.527670,0,0.116906,7.861562,0,0.027875,0,0.000000,0,0.000000,0,0.000000
130933,-1,0,0.147863,6.717646,0,0.194706,7.025297,0,0.003145,0,0.000000,0,0.000000,0,0.000000
130934,-1,0,0.082526,6.078421,0,0.124495,6.373019,0,0.015108,0,0.000000,0,0.000000,0,0.000000
130935,-1,0,0.020134,5.542748,0,0.188622,5.815477,0,-0.008220,0,0.000000,0,0.000000,0,0.000000
130936,-1,0,0.129344,5.109437,0,0.192310,5.364639,0,-0.009928,0,0.000000,0,0.000000,0,0.000000
130937,-1,0,0.147030,4.765124,0,0.117094,4.981421,0,0.041285,0,0.000000,0,0.000000,0,0.000000
130938,-1,0,0.130221,4.461272,0,0.132245,4.658691,0,0.030841,0,0.000000,0,0.000000,0,0.000000
130939,-1,0,0.138129,4.197042,0,0.205764,4.365626,0,0.014974,0,0.000000,0,0.000000,0,0.000000
130940,-1,0,0.121590,3.951919,0,0.230867,4.105471,0,-0.031170,0,0.000000,0,0.000000,0,0.000000
130941,-1,0,0.106873,3.739047,0,0.127658,3.899235,0,-0.025956,0,0.000000,0,0.000000,0,0.000000
130942,-1,0,0.089300,3.554561,0,0.207638,3.705811,0,-0.043037,0,0.000000,0,0.000000,0,0.000000
130943,-1,0,0.075076,3.378014,0,0.197607,3.524133,0,-0.022658,0,0.000000,0,0.000000,0,0.000000
130944,-1,0,0.117892,3.222148,0,0.188643,3.363940,0,-0.021633,0,0.000000,0,0.000000,0,0.000000
130945,-1,0,0.075236,3.078746,0,0.209071,3.211884,0,-0.055141,0,0.000000,0,0.000000,0,0.000000
130946,-1,0,0.101349,2.952361,0,0.161079,3.084808,0,-0.044970,0,0.000000,0,0.000000,0,0.000000
130947,-1,0,0.055026,2.841950,0,0.203542,2.964790,0,-0.051759,0,0.000000,0,0.000000,0,0.000000
130948,-1,0,0.105652,2.735834,0,0.206718,2.853566,0,-0.027032,0,0.000000,0,0.000000,0,0.000000
130949,-1,0,0.135049,2.647264,0,0.182409,2.751341,0,-0.008936,0,40.000000,0,0.381964,0,0.000000
130950,0,0,0.091021,2.549223,0,0.191626,2.654343,0,-0.028166,0,36.087204,0,0.554500,0,0.000000
130951,0,0,0.118736,2.466601,0,0.213957,2.576165,0,-0.052693,0,32.420345,0,0.713763,0,0.000000
130952,0,0,0.118942,2.385115,0,0.231065,2.493598,0,-0.031033,0,23.163776,0,1.267002,0,0.000000
130953,0,0,0.059532,2.329268,0,0.147070,2.421753,0,-0.027439,0,7.803238,0,1.668929,0,0.000000
130954,0,0,0.056812,2.262035,0,0.200839,2.355325,0,-0.018711,0,1.386244,0,1.634510,0,0.000000
130955,0,0,0.121512,2.198203,0,0.329508,2.282715,0,-0.042674,0,1.252091,0,1.580026,0,0.000000
130956,0,0,0.068564,2.145406,0,0.178886,2.226454,0,-0.031411,0,1.252091,0,1.529057,0,0.000000
130957,0,0,0.116255,2.091571,0,0.272045,2.170265,0,-0.014237,0,1.252091,0,1.481274,0,0.000000
130958,0,0,0.115225,2.055886,0,0.280814,2.126743,0,0.014568,0,1.296809,0,1.456713,0,0.000000
130959,1,0,0.108675,2.015133,0,0.218664,2.077032,0,0.003879,0,1.274450,0,1.427021,0,0.000000
131000,1,0,0.109576,0.004376,0,0.165080,0.010091,0,0.009368,0,1.319167,0,0.012776,0,0.000000
131001,1,0,0.122315,0.454706,0,0.222753,0.836541,0,0.010386,0,1.430962,0,0.000000,0,0.000000
131002,1,0,0.106882,0.352862,0,0.184974,0.622874,0,0.018233,0,1.475680,0,1.341532,0,0.000000
131003,1,0,0.075863,0.308294,0,0.174410,0.539317,0,0.037964,0,1.475680,0,0.670766,0,0.000000
131004,1,0,0.080349,0.267733,0,0.160094,0.516124,0,0.005067,0,1.475680,0,0.447177,0,0.000000
131005,1,0,0.089065,0.240637,0,0.219566,0.448969,0,0.035819,0,1.520397,0,0.558972,0,0.000000
131006,1,0,0.079016,0.259473,0,0.200057,0.431742,0,0.028534,0,1.498038,0,0.491895,0,0.000000
131007,1,0,0.126215,0.249450,0,0.146502,0.406660,0,0.050948,0,1.498038,0,0.484442,0,0.000000
131008,1,0,0.094520,0.271993,0,0.161299,0.403847,0,0.042135,0,1.587474,0,0.574942,0,0.000000
131009,1,0,0.122004,0.280994,0,0.181567,0.379200,0,0.062671,0,1.609833,0,0.642817,0,0.000000
131010,1,0,0.117230,0.265981,0,0.222579,0.354770,0,0.034647,0,1.676909,0,0.695609,0,0.000000
131011,1,0,0.124442,0.266127,0,0.164753,0.357368,0,0.045427,0,1.699268,0,0.626048,0,0.000000
131012,1,0,0.147544,0.280695,0,0.155594,0.356262,0,-0.581953,0,1.676909,0,0.609787,0,0.000000
131013,1,0,0.143228,0.274902,0,0.167481,0.353159,-1,-32.375015,0,1.721627,0,0.596236,0,0.000000
131014,1,0,0.184899,0.286540,0,0.148216,0.343756,-1,-30.429924,0,1.721627,0,0.584770,0,0.000000
131015,1,0,0.155593,0.296298,0,0.132501,0.340644,-1,-37.129887,0,1.721627,0,0.574942,0,0.000000
131016,1,0,0.113398,0.327236,0,0.147454,0.344089,-1,-74.840645,0,1.766345,0,0.566425,0,0.000000
131017,1,0,0.096692,0.324823,0,0.159083,0.353428,-1,-59.913956,0,1.743986,0,0.558972,0,0.000000
131018,1,0,0.109589,0.316518,0,0.186656,0.357525,-1,-52.856098,0,1.811063,0,0.578700,0,0.000000
131019,1,0,0.144519,0.313279,0,0.187257,0.359994,-1,-39.794876,0,1.878139,0,0.596236,0,0.000000
131020,1,0,0.099640,0.311298,0,0.158514,0.357833,-1,-31.976408,0,1.833421,0,0.600159,0,0.000000
131021,1,0,0.137707,0.306925,0,0.215240,0.359117,-1,-13.686744,0,1.878139,0,0.592510,0,0.000000
131022,1,0,0.111306,0.305629,0,0.199543,0.361601,0,2.920655,0,1.900498,0,0.574942,0,0.000000
131023,1,0,0.110581,0.308131,0,0.184401,0.356915,1,23.234838,0,1.855780,0,0.589461,0,0.000000
131024,1,0,0.157914,0.312684,0,0.183283,0.355286,2,63.863544,0,1.855780,0,0.592996,0,0.000000
131025,1,0,0.150037,0.321350,0,0.132621,0.360822,2,59.565071,0,1.878139,0,0.596236,0,0.000000
131026,1,0,0.152154,0.316604,0,0.160741,0.358781,1,26.230820,0,1.945216,0,0.590274,0,0.000000
131027,1,0,0.142010,0.318799,0,0.232126,0.354243,1,25.670263,0,1.922857,0,0.567571,0,0.000000
131028,1,0,0.183507,0.318021,0,0.177181,0.353035,-1,-22.960001,0,1.922857,0,0.546550,0,0.000000
131029,1,0,0.148354,0.318701,0,0.131564,0.356179,-1,-24.507080,0,1.945216,0,0.543001,0,0.000000
131030,1,0,0.157743,0.312176,0,0.233808,0.348538,0,-5.300277,0,1.945216,0,0.539697,0,0.000000
131031,1,0,0.166871,0.314022,0,0.200207,0.345450,0,-6.444784,0,1.945216,0,0.529160,0,0.000000
131032,1,0,0.077843,0.312098,0,0.199265,0.344595,0,-2.888329,0,1.922857,0,0.512090,0,0.000000
131033,1,0,0.082283,0.309374,0,0.151929,0.343791,0,-1.286676,0,1.967575,0,0.524036,0,0.000000
131034,1,0,0.144905,0.308967,0,0.204225,0.343006,0,-1.326638,0,1.967575,0,0.514931,0,0.000000
131035,1,0,0.117421,0.318953,0,0.247111,0.346866,0,-1.363142,0,1.989934,0,0.526091,0,0.000000
131036,1,0,15.730451,0.771252,0,17.210773,1.241748,0,-1.395481,0,1.945216,0,0.523836,0,0.000000
131037,1,0,12.969072,1.960082,0,11.285517,2.642411,0,-1.404912,0,1.945216,0,0.521707,0,0.000000
131038,1,0,15.836749,2.356145,0,17.701294,3.106081,0,-1.374568,0,1.967575,0,0.525735,0,0.000000
131039,1,0,7.443548,2.803052,0,10.059847,3.383315,0,-1.369615,0,1.967575,0,0.535436,0,0.000000
131040,1,0,9.894302,2.915572,0,11.098184,3.334107,0,-1.375714,0,1.945216,0,0.533173,0,0.000000
131041,1,2,86.802811,5.329078,0,10.045929,3.606513,0,-1.401394,0,1.922857,0,0.519844,0,0.000000
131042,1,2,85.183235,5.688016,0,8.086918,3.663104,0,-1.399371,0,1.967575,0,0.518071,0,0.000000
131044,1,2,61.032715,6.655283,0,9.383604,3.845918,0,-1.379915,0,1.945216,0,0.516383,0,0.000000
131045,1,1,57.792263,6.800124,0,9.320754,3.851076,0,-1.385648,0,1.922857,0,0.504374,0,0.000000
131046,1,2,63.168571,6.758016,1,33.723526,4.013073,0,-1.381553,0,1.922857,0,0.492911,0,0.000000
131047,1,1,59.769012,7.159794,1,49.142323,4.379389,0,-1.418335,0,1.922857,0,0.481958,0,0.000000
131048,1,1,53.989212,7.267000,1,44.548935,4.622009,0,-1.414396,0,1.967575,0,0.486062,0,0.000000
131049,1,0,23.175329,7.913593,0,21.549555,5.025124,0,-1.421473,0,1.922857,0,0.475720,0,0.000000
131050,1,0,15.246017,8.045915,0,5.431930,5.342118,0,-1.399023,0,1.945216,0,0.475126,0,0.000000
131051,1,1,34.656651,8.350313,1,56.397289,6.273551,0,-1.378314,0,1.989934,0,0.474555,0,0.000000
131052,1,1,34.700504,8.304543,1,57.185940,6.231269,0,-1.369805,0,1.967575,0,0.482951,0,0.000000
131053,1,0,19.374533,8.657203,0,3.403858,7.280289,0,-1.390866,0,1.945216,0,0.482250,0,0.000000
131054,1,0,25.515881,8.697570,1,54.940407,8.538488,0,-1.374168,0,1.945216,0,0.481576,0,0.000000
131055,1,0,23.767073,8.654763,2,99.603203,9.401322,0,-1.358012,0,1.989934,0,0.485145,0,0.000000
131056,1,0,29.736410,8.714227,2,112.011787,10.831348,0,-1.332828,0,1.967575,0,0.484442,0,0.000000
131057,1,0,19.425701,8.951261,0,4.395807,12.573141,0,-1.366534,0,1.967575,0,0.487830,0,0.000000
131058,1,2,69.124779,9.717255,0,11.283620,12.594305,0,-1.350902,0,1.967575,0,0.491096,0,0.000000
131059,1,2,64.985703,9.719629,2,71.357147,13.876499,0,-1.355398,0,1.989934,0,0.502094,0,0.000000
131100,1,2,64.137131,9.649696,2,76.536560,14.013233,0,-1.356099,0,1.945216,0,0.501147,0,0.000000
131101,1,0,18.192238,10.933249,0,10.617610,15.568411,0,-1.347252,0,1.989934,0,0.500232,0,0.000000
131102,1,0,21.720943,11.347780,0,11.505333,16.406788,0,-1.361048,0,1.989934,0,0.510527,0,0.000000
131103,1,0,20.198318,11.816555,0,28.750212,16.783558,0,-1.378321,0,1.989934,0,0.513154,0,0.000000
131104,1,0,9.278776,12.478226,0,10.024313,17.636950,0,-1.379734,0,2.012292,0,0.519303,0,0.000000
131105,1,0,12.009736,12.463656,0,14.494935,17.403351,0,-1.346907,0,1.945216,0,0.518158,0,0.000000
131106,1,0,13.007988,12.475350,1,30.018173,17.652853,0,-1.355699,0,1.989934,0,0.520542,0,0.000000
131107,1,0,11.681772,12.345932,0,22.264378,17.741692,0,-1.372120,0,1.989934,0,0.526293,0,0.000000
131108,1,0,10.439801,12.476377,0,10.741960,18.165821,0,-1.380171,0,1.967575,0,0.531870,0,0.000000
131109,1,0,10.422630,12.292913,0,10.693621,17.895773,0,-1.356663,0,1.989934,0,0.537280,0,0.000000
131110,1,0,10.475108,12.115708,0,10.679907,17.632467,0,-1.367816,0,2.627441,0,0.586879,2,54.095421
131111,1,0,10.376215,11.941105,0,10.673882,17.378057,0,-1.372633,0,2.727776,0,0.584854,2,88.528648
131112,1,0,10.440448,11.774174,0,10.654945,17.130959,0,-1.421494,0,4.114026,0,0.729817,0,0.000000
131113,1,0,10.431430,11.611511,0,10.756604,16.894342,0,-1.395274,1,40.044716,0,1.103733,0,0.000000
131114,1,0,10.411157,11.455696,0,10.665159,16.664627,0,-1.430879,1,44.650646,0,1.156722,0,0.000000
131115,1,0,10.448291,11.300337,0,10.727571,16.437477,0,-1.432864,0,10.477803,0,1.793537,0,0.000000
131116,1,0,10.384573,11.150725,0,10.683575,16.217113,0,-1.434426,0,4.631060,0,1.880719,0,0.000000
131117,1,0,10.442196,11.007837,0,10.732787,16.002893,0,-1.432476,-1,-34.236641,0,2.204606,0,0.000000
131118,1,0,10.482992,10.865513,0,10.755002,15.793884,0,-1.446325,-1,-31.506203,0,2.575761,0,0.000000
131119,1,0,10.489468,10.728936,0,10.747117,15.590356,0,-1.448486,0,1.354210,0,2.575382,0,0.000000
131120,2,0,10.410722,10.593289,0,10.750084,15.391322,0,-1.451184,0,2.377198,0,2.551733,0,0.000000
131121,2,0,10.454386,10.459013,0,10.671653,15.202628,0,-1.400981,0,2.530418,0,0.007731,0,0.000000
131122,2,0,10.423656,0.011237,0,10.614610,0.010935,0,-1.426372,0,2.724001,0,0.000000,0,0.000000
131123,2,0,10.508694,0.000000,0,10.738352,0.000000,0,-1.425995,0,2.667281,0,2.666606,0,0.000000
131124,2,0,10.431488,2.295799,0,10.784800,2.449603,0,-1.421807,0,2.638921,0,1.445097,0,0.000000
131125,2,0,10.410522,1.538261,0,10.695615,1.435277,0,-1.418299,0,2.649277,0,1.330560,0,0.000000
131126,2,0,10.466514,1.126098,0,10.738036,1.146146,0,-1.436177,0,2.737067,0,1.068820,0,0.000000
131128,2,0,10.479748,0.926306,0,10.787653,0.932160,0,-1.373431,0,2.731066,0,0.968496,0,0.000000
131129,2,0,10.557749,0.823797,0,10.759351,0.835617,0,-1.416376,0,2.753424,0,0.936135,0,0.000000
131130,2,0,10.476970,0.743090,0,10.765409,0.763146,0,-1.414358,0,2.731066,0,0.883430,0,0.000000
131131,2,0,10.516679,0.722862,0,10.686503,0.727082,0,-1.400252,0,2.747423,0,0.884796,0,0.000000
131132,2,0,10.493640,0.657304,0,10.674000,0.646179,0,-1.369298,0,2.725064,0,0.811329,0,0.000000
131133,2,0,10.452984,0.611288,0,10.689039,0.600933,0,-1.413420,0,2.725065,0,0.774913,0,0.000000
131134,2,0,10.510018,0.569806,0,10.734900,0.577453,0,-1.387928,0,2.702706,0,0.704467,0,0.000000
131135,2,0,10.461423,0.560428,0,10.755527,0.572034,0,-1.367852,0,2.747423,0,0.701658,0,0.000000
131136,2,0,10.487584,0.575350,0,10.734243,0.575240,0,-1.399932,0,2.769782,0,0.716481,0,0.000000
131137,2,0,10.489542,0.574886,0,10.662523,0.564578,0,-1.347403,0,2.769782,0,0.745157,0,0.000000
131138,2,0,10.448373,0.563076,0,10.792029,0.583820,0,-1.345371,0,2.686348,0,0.717290,0,0.000000
131139,2,0,10.423616,0.568743,0,10.712050,0.580929,-1,-38.545246,0,2.714156,0,0.686773,0,0.000000
131140,2,0,10.043982,0.558058,0,10.660807,0.568296,-1,-24.206009,0,2.720157,0,0.695772,0,0.000000
131141,2,0,10.525433,0.554517,0,10.792621,0.565495,0,-8.379814,0,2.725065,0,0.669540,0,0.000000
131142,2,0,10.576989,0.603076,0,10.697518,0.561358,-1,-44.728664,0,2.725064,0,0.646069,0,0.000000
131143,2,0,10.468527,0.599190,0,10.643404,0.553272,-1,-24.953913,0,2.725065,0,0.636124,0,0.000000
131144,2,0,10.499016,0.590931,0,10.706700,0.532818,0,-7.181503,0,2.702706,0,0.605833,0,0.000000
131145,2,0,10.505820,0.596446,0,10.739922,0.528491,0,-0.693374,0,2.758874,0,0.609031,0,0.000000
131146,2,0,10.468326,0.611119,0,10.761035,0.542441,0,6.401021,0,2.702705,0,0.601994,0,0.000000
131147,2,0,10.441218,0.590561,0,10.674877,0.527662,0,6.822541,0,2.702706,0,0.576911,0,0.000000
131148,2,0,10.389194,0.585688,0,10.701670,0.524192,0,6.810199,0,2.725064,0,0.571721,0,0.000000
131149,2,0,10.459563,0.572926,0,10.725995,0.509723,0,6.800199,0,2.702706,0,0.549732,0,0.000000
131150,2,0,10.479190,0.556880,0,10.727003,0.499261,0,6.813423,0,2.725064,0,0.545934,0,0.000000
131151,2,0,10.403791,0.550551,0,10.619463,0.492362,0,6.840616,0,2.714156,0,0.534615,0,0.000000
131152,2,0,10.505558,0.543001,0,10.699403,0.480404,0,6.820947,0,2.702706,0,0.516180,0,0.000000
131153,2,0,10.428627,0.531645,0,10.709200,0.473837,0,6.819992,0,2.714156,0,0.502791,0,0.000000
131154,2,0,10.470992,0.523108,0,10.645299,0.469311,0,6.805628,0,2.714156,0,0.493959,0,0.000000
131155,2,0,10.480584,0.514657,0,10.736581,0.471656,0,6.791703,0,2.702706,0,0.478523,0,0.000000
131156,2,0,10.478269,0.507808,0,10.695095,0.468039,0,6.792193,0,2.702706,0,0.464022,0,0.000000
131157,2,0,10.432061,0.498065,0,10.667900,0.466912,0,6.800237,0,2.702706,0,0.450375,0,0.000000
131158,2,0,10.475124,0.488950,0,10.688862,0.461074,0,6.788353,0,2.725065,0,0.450283,0,0.000000
131159,2,0,10.422716,0.478536,0,10.681211,0.456754,0,6.801422,0,2.702706,0,0.437775,0,0.000000
131200,2,0,10.513286,0.470758,0,10.723577,0.460555,0,6.784975,0,2.714156,0,0.432133,0,0.000000
131201,2,0,10.451867,0.468571,0,10.737079,0.453598,0,6.755634,0,2.736515,0,0.432672,0,0.000000
131202,2,0,10.486621,0.459026,0,10.724821,0.448442,0,6.782413,0,2.702706,0,0.421578,0,0.000000
131203,2,0,10.464437,0.456263,0,10.716805,0.443424,0,6.777881,0,2.725607,0,0.419626,0,0.000000
131204,2,0,10.474848,0.453236,0,10.731837,0.442155,0,6.783159,0,2.725607,0,0.420563,0,0.000000
131206,2,0,10.485456,0.455900,0,10.677808,0.439926,0,6.769082,0,2.714156,0,0.413276,0,0.000000
131207,2,0,10.493061,0.452595,0,10.718395,0.441326,0,6.751852,0,2.686348,0,0.411273,0,0.000000
131208,2,0,10.445398,0.448682,0,10.720588,0.438376,0,6.720814,0,2.736515,0,0.422129,0,0.000000
131209,2,0,10.470371,0.444062,0,10.667888,0.432795,0,6.716087,0,2.747966,0,0.425230,0,0.000000
131210,2,0,10.439118,0.443672,0,10.695874,0.427758,0,6.740743,0,2.657988,0,0.425707,0,0.000000
131211,2,0,10.454403,0.442390,0,10.714438,0.425381,0,6.741464,0,2.702706,0,0.416649,0,0.000000
131212,2,0,10.455210,0.438048,0,10.656336,0.421836,0,6.748405,0,2.702706,0,0.407969,0,0.000000
131213,3,0,10.496595,0.432857,0,10.675781,0.419235,0,6.730120,0,2.720157,0,0.405542,0,0.000000
131214,3,0,10.485187,0.432326,0,10.685363,0.418572,0,6.736403,0,2.725607,0,0.004580,0,0.000000
131215,3,0,10.495903,0.429062,0,10.678816,0.416763,0,6.746168,0,2.736515,0,0.000000,0,0.000000
131216,3,0,10.458171,0.427712,0,10.629419,0.412981,0,6.738544,0,2.737057,0,1.134212,0,0.000000
131217,3,0,10.543386,0.004175,0,10.695187,0.006826,0,6.745158,0,13.716345,0,17.505302,0,0.000000
131218,3,0,10.493612,0.512447,0,10.699162,0.533494,0,6.748770,0,35.505871,0,17.110859,0,0.000000
131219,3,0,10.416482,0.476065,0,10.696873,0.657183,0,6.778946,0,-11.482691,1,24.573895,0,0.000000
131220,3,0,10.546048,0.496050,0,10.740698,0.596749,0,6.781647,-1,-30.605234,1,21.491177,0,0.000000
131221,3,0,10.441976,0.568828,0,10.780553,0.536689,0,6.791637,0,-22.996302,1,25.138306,0,0.000000
131222,3,0,10.420665,0.507800,0,10.671280,0.502761,0,6.809571,0,14.645050,1,26.498011,0,0.000000
131223,3,0,10.490223,0.453958,0,10.685911,0.475785,0,6.814586,0,23.722748,1,29.306498,0,0.000000
131224,3,0,10.457799,0.460765,0,10.754219,0.465733,0,6.803250,0,7.445496,1,26.398024,2,56.669701
131225,3,0,10.527865,0.510657,0,10.650881,0.546057,0,6.810297,0,7.669084,1,23.802938,2,90.809998
131226,3,0,10.526911,0.541085,0,10.737885,0.531730,0,6.798297,0,7.825597,1,21.923603,2,90.809998
131227,3,0,10.450429,0.507977,0,10.664275,0.549412,0,6.846579,0,6.305194,1,20.525181,1,15.676486
131228,3,0,10.495353,0.489837,0,10.707734,0.563687,0,6.804428,0,6.148683,0,19.806276,0,5.938601
131229,3,0,10.461472,0.519969,0,10.843507,0.602697,0,6.813869,0,4.605921,0,18.519306,2,45.502644
131230,3,0,10.477294,0.571667,0,10.600964,0.646477,0,6.821607,0,4.337614,0,17.403933,2,81.240768
131231,3,0,10.362492,0.585211,0,10.719958,0.681288,0,6.855106,0,4.114026,0,16.344135,0,0.000000
131232,3,0,10.547987,0.590453,0,10.726390,0.663149,0,6.852730,0,4.091667,0,15.461629,0,0.000000
131233,3,0,10.480176,0.570758,0,10.671325,0.662656,0,6.855435,0,4.046949,0,14.664758,0,0.000000
131234,3,0,10.504902,0.545713,0,10.697386,0.650912,0,6.859899,0,4.002231,0,13.940000,0,0.000000
131235,3,0,10.577493,0.574786,0,10.866904,0.638069,0,6.846303,0,4.002231,0,13.287717,0,0.000000
131236,3,0,20.423851,2.559922,0,15.545924,4.745370,0,6.857006,0,3.979872,0,12.676262,0,0.000000
131237,3,1,50.084412,5.083508,1,52.788113,7.875134,0,6.821115,0,3.979872,0,12.140720,0,0.000000
131238,3,2,80.301849,7.624623,2,72.451561,11.053951,0,6.803252,0,4.002231,0,11.642028,0,0.000000
131239,3,1,43.761463,9.818647,1,36.238796,13.040941,0,6.817653,0,3.979872,0,11.194207,0,0.000000
131240,3,0,28.437283,11.454070,0,18.493437,14.549492,0,6.813678,0,3.979872,0,10.773271,0,0.000000
131241,3,0,29.581537,12.087641,0,26.306360,14.258162,0,6.797440,0,3.957513,0,10.376113,0,0.000000
131242,3,0,29.521442,11.646387,0,26.386559,13.795056,0,6.797250,0,3.935154,0,9.991813,0,0.000000
131243,3,0,29.364120,11.212425,0,26.041391,13.302247,0,6.789882,0,3.935154,0,9.634962,0,0.000000
131245,3,0,29.447655,10.812577,0,26.076277,12.898535,0,6.779014,0,3.957513,0,9.310432,0,0.000000
131246,3,0,29.807869,10.451922,0,26.625919,12.549006,0,6.811068,0,4.024590,0,9.029896,0,0.000000
131247,3,0,29.512085,10.107474,0,26.214445,12.222314,0,6.776632,0,3.979872,0,8.753034,0,0.000000
131248,3,0,29.492073,9.792144,0,26.476431,11.888442,0,6.771288,0,3.957513,0,8.493476,0,0.000000
131249,3,0,29.507370,9.473289,0,25.820585,11.610256,0,6.769334,0,3.957513,0,8.249649,0,0.000000
131250,3,0,29.514101,9.182140,0,26.207762,11.331302,0,6.778845,0,3.957513,0,8.020164,0,0.000000
131251,3,0,29.547497,8.905589,0,26.453764,11.071362,0,6.738538,0,3.979872,0,7.803793,0,0.000000
131252,3,0,29.555027,8.645146,0,26.640802,10.779111,0,6.763299,0,3.957513,0,7.599442,0,0.000000
131253,3,0,29.503580,8.397892,0,26.450302,10.526200,0,6.770895,0,3.935154,0,7.394052,0,0.000000
131254,3,0,29.427347,8.172736,0,26.430120,10.306845,0,6.765779,0,3.935154,0,7.199472,0,0.000000
131255,3,0,29.579035,7.958109,0,26.527016,10.113920,0,6.767659,0,3.957513,0,7.026336,0,0.000000
131256,3,0,29.487228,7.757017,0,26.064503,9.911792,0,6.771915,0,3.935154,0,6.850677,0,0.000000
131257,3,0,29.514904,7.564734,0,26.020191,9.741752,0,6.761169,0,3.935154,0,6.683588,0,0.000000
131258,3,0,29.480791,7.382701,0,26.489929,9.550718,0,6.789485,0,3.935154,0,6.524455,0,0.000000
131259,3,0,29.546003,7.205698,0,26.525270,9.367221,0,6.797392,0,3.935154,0,6.372723,0,0.000000
131300,3,0,29.503378,7.044961,0,26.787239,9.187606,0,6.772787,0,3.957513,0,6.238052,0,0.000000
131301,3,0,29.512781,6.887989,0,26.551508,9.035872,0,6.790389,0,3.979872,0,6.114335,0,0.000000
131302,3,0,29.492247,6.738843,0,26.980549,8.902496,0,6.776233,0,3.935154,0,6.000856,0,0.000000
131303,3,0,29.533859,6.592935,0,26.329781,8.756418,0,6.777099,0,3.957513,0,5.882693,0,0.000000
131304,3,0,29.509720,6.600465,0,26.142633,8.780161,0,6.808165,0,3.935154,0,5.760137,0,0.000000
131305,3,0,29.514757,6.460248,0,26.680359,8.662403,0,6.824114,0,3.935154,0,5.642583,0,0.000000
131306,3,0,29.489960,6.326047,0,26.651033,8.509399,0,6.847055,0,3.912796,0,5.538675,0,0.000000
131307,3,0,29.458866,6.198642,0,26.464596,8.369912,0,6.833817,0,3.935154,0,5.430073,0,0.000000
131308,3,0,29.536203,6.075577,0,26.226112,8.245688,0,6.837686,0,3.935154,0,5.325649,0,0.000000
131309,3,0,29.446064,5.956890,0,26.070549,8.138724,0,6.809793,0,3.935154,0,5.225165,0,0.000000
131310,3,0,29.468946,5.845198,0,26.660612,8.041164,0,6.862997,0,3.935154,0,5.128403,0,0.000000
131311,3,0,29.476471,5.740044,0,26.657623,7.933821,0,6.864254,0,3.957513,0,5.043290,0,0.000000
131312,3,0,29.491259,5.637792,0,26.947470,7.830257,0,6.851517,0,3.935154,0,4.953231,0,0.000000
131313,3,0,29.502048,5.537229,0,26.614527,7.727082,0,6.841487,0,3.935154,0,4.866332,0,0.000000
131314,3,0,29.467329,5.438304,0,26.765291,7.624861,0,6.839871,0,3.935154,0,4.782430,0,0.000000
131315,3,0,29.485275,5.345497,0,26.031221,7.547197,0,6.849502,0,3.935154,0,4.716530,0,0.000000
131316,3,0,29.392756,5.258052,0,26.350805,7.460865,0,6.862998,0,3.935154,0,4.637921,0,0.000000
131317,3,0,29.496178,5.170468,0,26.774958,7.368631,0,6.877200,0,3.979872,0,4.569221,0,0.000000
131318,3,0,29.457434,5.088512,0,26.696424,7.299093,0,6.856171,0,3.935154,0,4.495523,0,0.000000
131319,3,0,29.506172,5.008805,0,26.174671,7.225964,0,6.841413,0,3.935155,0,4.434813,0,0.000000
131320,3,0,29.474718,4.930945,0,26.615389,7.164727,0,6.809105,0,3.912796,0,4.372506,0,0.000000
131321,3,0,29.470388,4.856110,0,26.557217,7.112009,0,6.834315,0,3.935154,0,4.305237,0,0.000000
131323,3,0,29.444887,4.784917,0,26.193991,7.035567,0,6.790525,0,3.935154,0,4.240006,0,0.000000
131324,3,0,29.437626,4.718945,0,26.708506,6.955032,0,6.814502,0,3.912796,0,4.183396,0,0.000000
131325,3,0,29.469568,4.648886,0,26.097565,6.902032,0,6.794585,0,3.890437,0,4.135028,0,0.000000
131326,3,0,29.498091,4.583104,0,26.616844,6.829887,0,6.790726,0,3.845719,0,4.084822,0,0.000000
131327,3,0,29.507690,4.517432,0,26.552277,6.761871,0,6.804730,0,3.890437,0,4.042438,0,0.000000
131328,3,0,29.561577,4.454584,0,26.629112,6.724339,0,6.793058,0,3.935154,0,3.985502,0,0.000000
131329,3,0,29.427238,4.393315,0,26.738274,6.672857,0,6.771756,0,3.935154,0,3.942569,0,0.000000
131330,3,0,29.480867,4.334230,0,26.225002,6.623960,0,6.759326,0,3.912796,0,3.894687,0,0.000000
131331,3,0,29.576340,4.277807,0,26.632519,6.598088,0,6.786045,0,3.890437,0,3.857164,0,0.000000
131332,3,0,29.392628,4.223472,0,26.711035,6.559123,0,6.749506,0,3.868078,0,3.814678,0,0.000000
131333,3,0,29.499269,4.170651,0,25.808287,6.522080,0,6.766989,0,3.845719,0,3.770369,0,0.000000
131334,3,0,29.436525,4.117343,0,26.802544,6.484560,0,6.776735,0,3.890437,0,3.733018,0,0.000000
131335,3,0,29.401384,4.064015,0,26.103867,6.421983,0,6.768113,0,3.868078,0,3.696625,0,0.000000
131336,3,0,29.470659,4.015835,0,26.638266,6.353198,0,6.769689,0,3.801001,0,3.663984,0,0.000000
131337,3,0,29.451662,3.966813,0,26.738363,6.324952,0,6.758055,0,3.845719,0,3.623774,0,0.000000
131338,3,0,29.462822,3.922467,0,27.036680,6.266553,0,6.753531,0,3.845719,0,3.590077,0,0.000000
131339,3,0,29.505783,3.876899,0,26.623447,6.228239,0,6.769607,0,3.845719,0,3.557202,0,0.000000
131340,3,0,29.487076,3.830723,0,26.565910,6.172459,0,6.769016,0,3.868078,0,3.522426,0,0.000000
131341,3,0,29.554123,3.787819,0,26.307026,6.146533,0,6.799229,0,3.845719,0,3.493801,0,0.000000
131342,3,0,29.432383,3.744814,0,26.328121,6.103226,0,6.786371,0,3.912796,0,3.455328,0,0.000000
131343,3,0,29.507612,3.702804,0,27.064688,6.061642,0,6.757199,0,3.890437,0,3.422950,0,0.000000
131344,3,0,29.495516,3.662194,0,26.922142,6.017404,0,6.768543,0,3.868078,0,3.396456,0,0.000000
131345,3,0,29.489437,3.666357,0,25.930815,6.032063,0,6.744264,0,3.801001,0,3.370564,0,0.000000
131346,3,0,29.523214,3.625697,0,26.657988,5.984124,0,6.778491,0,3.845719,0,3.342741,0,0.000000
131347,3,0,29.519836,3.587659,0,26.301121,5.951199,0,6.779941,0,3.845719,0,3.315536,0,0.000000
131348,3,0,29.431274,3.549979,0,26.888935,5.908139,0,6.804195,0,3.868078,0,3.284016,0,0.000000
131349,3,0,29.455851,3.513898,0,26.432781,5.883500,0,6.814023,0,3.823360,0,3.262902,0,0.000000
131350,3,0,29.422693,3.476972,0,26.727100,5.835359,0,6.801297,0,3.801001,0,3.232625,0,0.000000
131351,3,0,29.473261,3.442091,0,26.419800,5.812122,0,6.826296,0,3.778643,0,3.210129,0,0.000000
131352,3,0,29.447008,3.405484,0,26.876593,5.785736,0,6.807595,0,3.801002,0,3.183399,0,0.000000
131353,3,0,29.430670,3.371059,0,26.553467,5.752204,0,6.798342,0,3.778643,0,3.161884,0,0.000000
131354,3,0,29.485645,3.338432,0,26.670338,5.734724,0,6.801704,0,3.823360,0,3.140812,0,0.000000
131355,3,0,29.491074,3.307699,0,26.639051,5.701994,0,6.814452,0,3.801001,0,3.122452,0,0.000000
131356,3,0,29.489882,3.276579,0,26.643009,5.676873,0,6.821731,0,3.801002,0,3.097688,0,0.000000
131357,3,0,29.475225,3.246221,0,25.683880,5.639579,0,6.798617,0,3.823360,0,3.073419,0,0.000000
131359,3,0,29.504177,3.215395,0,26.676182,5.606395,0,6.801714,0,3.801001,0,3.045202,0,0.000000
131400,3,0,29.450975,3.184967,0,25.977455,5.572396,0,6.783123,0,3.823360,0,3.024116,0,0.000000
131401,3,0,29.471737,3.153873,0,26.261845,5.541322,0,6.790958,0,3.756284,0,3.001268,0,0.000000
131402,3,0,29.476561,3.125610,0,26.234200,5.522099,0,6.775443,0,3.756284,0,2.978859,0,0.000000
131403,3,0,29.408394,3.097363,0,26.463142,5.494797,0,6.770530,0,3.778643,0,2.963266,0,0.000000
131404,3,0,29.477488,3.069812,0,26.741123,5.471200,0,6.793627,0,3.778643,0,2.943748,0,0.000000
131405,3,0,29.538683,3.043050,0,27.150616,5.447267,0,6.760325,0,3.778643,0,2.926684,0,0.000000
131406,3,0,29.460661,3.015436,0,26.311777,5.427818,0,6.742013,0,3.756284,0,2.905796,0,0.000000
131407,3,0,29.459450,2.991543,0,26.098171,5.429670,0,6.748614,0,3.756284,0,2.883240,0,0.000000
131408,3,0,29.437365,2.964696,0,27.118898,5.409938,0,6.761106,0,3.733925,0,2.861094,0,0.000000
131409,3,0,29.513990,2.938693,0,26.745689,5.398305,0,6.712597,0,3.778643,0,2.843375,0,0.000000
131410,3,0,29.480053,2.916525,0,27.098764,5.385084,0,6.710795,0,3.778643,0,2.823977,0,0.000000
131411,3,0,29.498659,2.891943,0,26.341106,5.367054,0,6.722080,0,3.711566,0,2.798986,0,0.000000
131412,3,0,29.503309,2.868908,0,26.658291,5.346395,0,6.703242,0,3.756284,0,2.782279,0,0.000000
131413,3,0,29.512783,2.844841,0,26.670290,5.319935,0,6.707799,0,3.733925,0,2.761974,0,0.000000
131414,3,0,29.469763,2.821620,0,26.554024,5.296876,0,6.688069,0,3.733925,0,2.740091,0,0.000000
131415,3,0,29.400690,2.799422,0,26.019444,5.259787,0,6.687487,0,3.756284,0,2.720493,0,0.000000
131416,3,0,29.451868,2.776804,0,26.416349,5.237016,0,6.715291,0,3.711566,0,2.697438,0,0.000000
131417,3,0,29.488661,2.755215,0,26.931232,5.205820,0,6.703101,0,3.756284,0,2.680408,0,0.000000
131418,3,0,29.474663,2.734591,0,26.727551,5.188396,0,6.709363,0,3.733925,0,2.661797,0,0.000000
131419,3,0,29.415251,2.713416,0,26.910004,5.173259,0,6.715690,0,3.756284,0,2.647190,0,0.000000
131420,3,0,29.464811,2.695311,0,26.450256,5.164193,0,6.715092,0,3.711566,0,2.625492,0,0.000000
131421,3,0,29.483484,2.673880,0,26.285458,5.162525,0,6.728762,0,3.733925,0,2.607782,0,0.000000
131422,3,0,29.465252,2.653649,0,27.112722,5.139597,0,6.730064,0,3.711566,0,2.586752,0,0.000000
131423,3,0,29.524332,2.634669,0,27.113951,5.132547,0,6.725742,0,3.711566,0,2.566058,0,0.000000
131424,3,0,29.451691,2.638191,0,26.316830,5.162348,0,6.758202,0,3.756284,0,2.547467,0,0.000000
131425,3,0,29.440937,2.618721,0,26.873741,5.139933,0,6.760824,0,3.778643,0,2.536211,0,0.000000
131426,3,0,29.421318,2.597967,0,26.602135,5.130151,0,6.745181,0,3.711566,0,2.516397,0,0.000000
131427,3,0,29.426018,2.578832,0,26.137667,5.118142,0,6.746400,0,3.733925,0,2.498623,0,0.000000
131428,3,0,29.434195,2.561080,0,27.043318,5.105512,0,6.787832,0,3.711566,0,2.479403,0,0.000000
131429,3,0,29.469046,2.542879,0,26.200613,5.079232,0,6.778054,0,3.733925,0,2.462183,0,0.000000
131430,3,0,29.456999,2.526175,0,26.006744,5.077532,0,6.810361,0,3.756284,0,2.450305,0,0.000000
131431,3,0,29.391451,2.507879,0,26.946571,5.048944,0,6.811780,0,3.711566,0,2.431882,0,0.000000
131432,3,0,29.393177,2.490843,0,26.469471,5.037596,0,6.811945,0,3.689208,0,2.417071,0,0.000000
131434,3,0,29.453159,2.472732,0,26.779699,5.024888,0,6.799393,0,3.733925,0,2.402479,0,0.000000
131435,3,0,29.447840,2.455943,0,26.134775,5.006712,0,6.793772,0,3.711566,0,2.384814,0,0.000000
131436,3,0,29.460453,2.438455,0,26.406050,4.990107,0,6.804109,0,3.711566,0,2.367406,0,0.000000
131437,3,0,29.433214,2.421795,0,26.918724,4.976367,0,6.814593,0,3.733925,0,2.353492,0,0.000000
131438,3,0,29.382851,2.405200,0,26.618341,4.962386,0,6.830842,0,3.711566,0,2.336560,0,0.000000
131439,3,0,29.455530,2.390204,0,26.343801,4.944535,0,6.826812,0,3.689208,0,2.323064,0,0.000000
131440,3,0,29.431368,2.376367,0,26.433826,4.929372,0,6.812574,0,3.711566,0,2.311346,0,0.000000
131441,3,0,29.457012,2.361379,0,26.139469,4.914236,0,6.790770,0,3.711566,0,2.295069,0,0.000000
131442,3,0,29.429480,2.346529,0,26.484774,4.899817,0,6.787755,0,3.711566,0,2.279019,0,0.000000
131443,3,0,29.474136,2.332558,0,26.292944,4.881829,0,6.781214,0,3.711566,0,2.263193,0,0.000000
131444,3,0,29.486887,2.318007,0,26.710308,4.866471,0,6.768676,0,3.689208,0,2.250669,0,0.000000
131445,3,0,29.460485,2.303621,0,26.218355,4.856245,0,6.785812,0,3.689208,0,2.238316,0,0.000000
131446,3,0,29.416431,2.290040,0,26.245316,4.836936,0,6.773713,0,3.689208,0,2.226131,0,0.000000
131447,3,0,29.384386,2.275859,0,27.114206,4.819686,0,6.759467,0,3.711566,0,2.211090,0,0.000000
131448,3,0,29.460108,2.263812,0,26.006260,4.812242,0,6.724346,0,3.711566,0,2.202253,0,0.000000
131449,3,0,29.471670,2.249510,0,26.859591,4.806082,0,6.739360,0,3.666849,0,2.190552,0,0.000000
131450,3,0,29.452871,2.236626,0,26.034664,4.803103,0,6.744923,0,3.666849,0,2.179007,0,0.000000
131451,3,0,29.459589,2.224357,0,26.650650,4.783400,0,6.721896,0,3.689208,0,2.167613,0,0.000000
131452,3,0,29.377062,2.211529,0,27.045464,4.767942,0,6.729931,0,3.666848,0,2.156368,0,0.000000
131453,3,0,29.417818,2.198255,0,27.157452,4.759270,0,6.683955,0,3.689208,0,2.145270,0,0.000000
131454,3,0,29.408449,2.186409,0,26.449869,4.748519,0,6.719265,0,3.689208,0,2.134314,0,0.000000
131455,3,0,29.403860,2.174019,0,26.452890,4.746545,0,6.674212,0,3.689208,0,2.123499,0,0.000000
131456,3,0,29.438379,2.162560,0,26.675623,4.734109,0,6.709531,0,3.689208,0,2.112822,0,0.000000
131457,3,0,29.451143,2.150938,0,26.191319,4.724380,0,6.698709,0,3.689208,0,2.102280,0,0.000000
131458,3,0,29.453861,2.138957,0,26.585222,4.709694,0,6.718494,0,3.689208,0,2.091870,0,0.000000
131459,3,0,29.531872,2.128045,0,27.339388,4.704456,0,6.729727,0,3.689208,0,2.081591,0,0.000000
131500,3,0,29.444017,2.116258,0,26.093019,4.687123,0,6.705273,0,3.689208,0,2.071439,0,0.000000
131501,3,0,29.502048,2.104292,0,26.291248,4.687677,0,6.703361,0,3.711566,0,2.058653,0,0.000000
131502,3,0,29.482733,2.092602,0,27.243809,4.678219,0,6.703161,0,3.666849,0,2.048766,0,0.000000
131503,3,0,29.429712,2.083017,0,26.752687,4.664659,0,6.720489,0,3.644489,0,2.043091,0,0.000000
131504,3,0,29.381941,2.071645,0,26.659336,4.660955,0,6.730067,0,3.689208,0,2.033418,0,0.000000
131505,3,0,29.395849,2.073597,0,26.499535,4.677063,0,6.752883,0,3.666848,0,2.026556,0,0.000000
131506,3,0,29.398815,2.062246,0,26.296871,4.673271,0,6.758617,0,3.689208,0,2.017099,0,0.000000
131507,3,0,29.355717,2.051135,0,26.814556,4.667855,0,6.752810,0,3.666848,0,2.009085,0,0.000000
131508,3,0,29.432213,2.040347,0,25.964245,4.669216,0,6.771009,0,3.689208,0,1.999843,0,0.000000
131509,3,0,29.469118,2.029507,0,27.558727,4.653114,0,6.779016,0,3.644490,0,1.992025,0,0.000000
131510,3,0,29.417742,2.019431,0,26.814941,4.650913,0,6.773336,0,3.666849,0,1.982991,0,0.000000
131511,3,0,29.421495,2.009692,0,26.506342,4.650949,0,6.799671,0,3.644490,0,1.979262,0,0.000000
131512,3,0,29.408751,2.000401,0,26.992851,4.638834,0,6.800521,0,3.644490,0,1.971698,0,0.000000
131514,3,0,29.448935,1.990988,0,26.543070,4.625196,0,6.802880,0,3.666848,0,1.964221,0,0.000000
131515,3,0,29.347845,1.980189,0,26.723181,4.611977,0,6.817134,0,3.666848,0,1.958108,0,0.000000
131516,3,0,29.431536,1.969913,0,26.220751,4.607580,0,6.822173,0,3.666849,0,1.949523,0,0.000000
131517,3,0,29.397875,1.959860,0,26.814785,4.593618,0,6.819311,0,3.622131,0,1.942299,0,0.000000
131518,3,0,29.379087,1.950514,0,26.674520,4.582140,0,6.857144,0,3.644490,0,1.938923,0,0.000000
131519,3,0,29.427284,1.940513,0,26.678793,4.566192,0,6.804041,0,3.644490,0,1.934337,0,0.000000
131520,3,0,29.481115,1.930989,0,26.524576,4.556301,0,6.798467,0,3.644490,0,1.928559,0,0.000000
131521,3,0,29.386713,1.922470,0,26.873665,4.549941,0,6.802693,0,3.711566,0,1.921610,0,0.000000
131522,3,0,29.489237,1.914022,0,26.880163,4.544840,0,6.802005,0,3.666848,0,1.912280,0,0.000000
131523,3,0,29.446835,1.904769,0,26.789894,4.549567,0,6.792682,0,3.644490,0,1.906718,0,0.000000
131524,3,0,29.447708,1.895285,0,26.051115,4.538390,0,6.795548,0,3.622131,0,1.901216,0,0.000000
131525,3,0,29.423985,1.886507,0,26.211269,4.532950,0,6.787157,0,3.622131,0,1.894565,0,0.000000
131526,3,0,29.379303,1.878214,0,27.078341,4.528704,0,6.777705,0,3.555054,0,1.886783,0,0.000000
131527,3,0,29.389374,1.869450,0,26.246531,4.516634,0,6.765510,0,3.622131,0,1.882672,0,0.000000
131528,3,0,29.387915,1.860739,0,27.676172,4.503144,0,6.781085,0,3.622131,0,1.880983,0,0.000000
131529,3,0,29.372066,1.851813,0,26.074039,4.488047,0,6.766047,0,3.577413,0,1.875762,0,0.000000
131530,3,0,29.398287,1.843022,0,26.428152,4.485115,0,6.760172,0,3.599771,0,1.874128,0,0.000000
131531,3,0,29.409199,1.835029,0,26.166628,4.478576,0,6.751113,0,3.644490,0,1.866657,0,0.000000
131532,3,0,29.429939,1.826348,0,27.095247,4.471018,0,6.721104,0,3.599772,0,1.862757,0,0.000000
131533,3,0,29.346365,1.818383,0,26.776852,4.468146,0,6.719248,0,3.599772,0,1.856581,0,0.000000
131534,3,0,29.429691,1.809800,0,26.664024,4.457814,0,6.695784,0,3.666848,0,1.850469,0,0.000000
131535,3,0,29.392899,1.801393,0,26.657108,4.450371,0,6.701889,0,3.577413,0,1.849005,0,0.000000
131536,3,0,29.386145,1.794224,0,26.416506,4.440702,0,6.710314,0,3.577413,0,1.844135,0,0.000000
131537,3,0,29.456467,1.785907,0,26.207285,4.428594,0,6.720256,0,3.577413,0,1.840448,0,0.000000
131538,3,0,29.373178,1.777915,0,27.075733,4.417482,0,6.722534,0,3.689207,0,1.837929,0,0.000000
131539,3,0,29.439436,1.770394,0,27.051016,4.417729,0,6.719671,0,3.555054,0,1.833187,0,0.000000
131540,3,0,29.418310,1.763022,0,26.117815,4.406802,0,6.721972,0,3.599772,0,1.828493,0,0.000000
131541,3,0,29.424025,1.755663,0,26.580509,4.408839,0,6.720671,0,3.555054,0,1.821620,0,0.000000
131542,3,0,29.435633,1.748728,0,27.044500,4.401058,0,6.721450,0,3.622131,0,1.819244,0,0.000000
131543,3,0,29.414106,1.749750,0,26.537273,4.413252,0,6.732182,0,3.555054,0,1.814688,0,0.000000
131544,3,0,29.379196,1.742601,0,26.230928,4.409646,0,6.731325,0,3.577412,0,1.812368,0,0.000000
131545,3,0,29.408566,1.735042,0,27.011957,4.407601,0,6.721780,0,3.510336,0,1.805709,0,0.000000
131546,3,0,29.422911,1.727803,0,26.232323,4.406384,0,6.727233,0,3.622131,0,1.799114,0,0.000000
131547,3,0,29.371469,1.721484,0,26.958193,4.404382,0,6.736175,0,3.510336,0,1.792583,0,0.000000
131548,3,0,29.378435,1.714561,0,26.201258,4.398669,0,6.750898,0,3.577413,0,1.790414,0,0.000000
131549,3,0,29.451488,1.708714,0,26.987427,4.394313,0,6.759005,0,3.532695,0,1.783987,0,0.000000
131550,3,0,29.384264,1.701251,0,26.804239,4.392198,0,6.775581,0,3.577413,0,1.779751,0,0.000000
131551,3,0,29.433475,1.694794,0,26.129021,4.380902,0,6.750988,0,3.577413,0,1.776614,0,0.000000
131552,3,0,29.438175,1.688290,0,26.584608,4.374618,0,6.768323,0,3.510336,0,1.770343,0,0.000000
131553,3,0,29.486206,1.682113,0,26.212446,4.360247,0,6.796901,0,3.555054,0,1.766231,0,0.000000
131554,3,0,29.388573,1.675784,0,26.537657,4.353898,0,6.797452,0,3.577413,0,1.764246,0,0.000000
131555,3,0,29.373423,1.668947,0,26.258522,4.352355,0,6.776973,0,3.510336,0,1.758120,0,0.000000
131556,3,0,29.423120,1.661942,0,26.652308,4.341185,0,6.825762,0,3.555054,0,1.756191,0,0.000000
131557,3,0,29.398685,1.655709,0,26.862520,4.338342,0,6.801938,0,3.532695,0,1.750159,0,0.000000
131559,3,0,29.368450,1.649804,0,26.768559,4.326005,0,6.827519,0,3.555054,0,1.745208,0,0.000000
131600,3,0,29.375834,1.643582,0,26.485010,4.317771,0,6.831140,0,3.555054,0,1.742344,0,0.000000
131601,3,0,29.346535,1.637733,0,26.591814,4.310603,0,6.819524,0,3.599771,0,1.737473,0,0.000000
131602,3,0,29.416842,1.631813,0,25.993221,4.309398,0,6.819926,0,3.532695,0,1.731634,0,0.000000
131603,3,0,29.449102,1.626703,0,26.272629,4.301744,0,6.805503,0,3.532695,0,1.727863,0,0.000000
131604,3,0,29.379263,1.620233,0,26.496807,4.296906,0,6.791115,0,3.510336,0,1.722120,0,0.000000
131605,3,0,29.416475,1.614052,0,26.637873,4.293708,0,6.790654,0,3.577413,0,1.718425,0,0.000000
131606,3,0,29.384245,1.608584,0,27.006483,4.292635,0,6.790637,0,3.555054,0,1.716749,0,0.000000
131607,3,0,29.391378,1.603530,0,26.206795,4.289291,0,6.801340,0,3.532695,0,1.711132,0,0.000000
131608,3,0,29.401323,1.597821,0,26.703184,4.281910,0,6.778881,0,3.487978,0,1.703594,0,0.000000
131609,3,0,29.453207,1.591244,0,26.553900,4.276615,0,6.764364,0,3.532695,0,1.700045,0,0.000000
131610,3,0,29.365768,1.585487,0,26.236113,4.269764,0,6.725965,0,3.555054,0,1.696526,0,0.000000
131611,3,0,29.404194,1.580402,0,26.302212,4.261787,0,6.720987,0,3.532695,0,1.692066,0,0.000000
131612,3,0,29.389343,1.574582,0,26.697607,4.255697,0,6.722577,0,3.510336,0,1.686677,0,0.000000
131613,3,0,29.306566,1.569647,0,26.803688,4.246891,0,6.722589,0,3.487978,0,1.679407,0,0.000000
131614,3,0,29.429880,1.564581,0,27.075239,4.243825,0,6.747415,0,3.487978,0,1.672199,0,0.000000
131615,3,0,29.359699,1.559215,0,26.790545,4.237226,0,6.720258,0,3.487978,0,1.665053,0,0.000000
131616,3,0,29.389803,1.554780,0,26.739368,4.231353,0,6.719736,0,3.532695,0,1.663676,0,0.000000
131617,3,0,29.350557,1.550240,0,26.842554,4.223748,0,6.711745,0,3.465619,0,1.657574,0,0.000000
131618,3,0,29.325544,1.545306,0,27.121264,4.225121,0,6.706044,0,3.487978,0,1.650580,0,0.000000
131619,3,0,29.344355,1.540147,0,26.647667,4.217053,0,6.714513,0,3.510336,0,1.645524,0,0.000000
131620,3,0,29.431026,1.535020,0,26.559061,4.217040,0,6.684886,0,3.487978,0,1.638639,0,0.000000
131621,3,0,29.372997,1.529890,0,26.179417,4.216702,0,6.710116,0,3.510336,0,1.633675,0,0.000000
131622,3,0,29.342047,1.525115,0,26.155003,4.214658,0,6.718644,0,3.510336,0,1.628751,0,0.000000
131623,3,0,29.417482,1.520045,0,26.709866,4.209094,0,6.733645,0,3.487978,0,1.622021,0,0.000000
131624,3,0,29.413340,1.521731,0,26.362110,4.218289,0,6.729296,0,3.510336,0,1.617186,0,0.000000
131625,3,0,29.354671,1.516994,0,27.009159,4.216087,0,6.715702,0,3.487978,0,1.610558,0,0.000000
131626,3,0,29.379583,1.512077,0,26.815895,4.208774,0,6.736645,0,3.532695,0,1.606723,0,0.000000
131627,3,0,29.379747,1.507351,0,26.023195,4.208949,0,6.767756,0,3.487978,0,1.600191,0,0.000000
131628,3,0,29.389172,1.501782,0,26.657173,4.207456,0,6.773519,0,3.532695,0,1.595523,0,0.000000
131629,3,0,29.385813,1.497024,0,26.585470,4.199416,0,6.750375,0,3.487978,0,1.589090,0,0.000000
131630,3,0,29.386797,1.493368,0,25.821333,4.197257,0,6.771597,0,3.487978,0,1.586299,0,0.000000
131631,3,0,29.455725,1.488571,0,26.083921,4.196477,0,6.764746,0,3.487978,0,1.579954,0,0.000000
131632,3,0,29.383369,1.483415,0,26.601921,4.193733,0,6.793824,0,3.510336,0,1.574550,0,0.000000
131633,3,0,29.398264,1.478683,0,26.684984,4.190528,0,6.792338,0,3.510336,0,1.570077,0,0.000000
131634,3,0,29.347084,1.474088,0,26.029886,4.189406,0,6.804397,0,3.487978,0,1.563871,0,0.000000
131635,3,0,29.427588,1.469673,0,26.390404,4.181009,0,6.801977,0,3.532695,0,1.560355,0,0.000000
131636,3,0,29.394077,1.464706,0,26.910032,4.171723,0,6.789304,0,3.510336,0,1.555989,0,0.000000
131637,3,0,29.375572,1.460247,0,26.616028,4.164818,0,6.813085,0,3.443260,0,1.551658,0,0.000000
131639,3,0,29.345245,1.455550,0,26.721945,4.156358,0,6.812903,0,3.510336,0,1.546491,0,0.000000
131640,3,0,29.410830,1.450709,0,26.067863,4.147753,0,6.828107,0,3.487978,0,1.540496,0,0.000000
131641,3,0,29.433929,1.447045,0,26.574802,4.143696,0,6.789075,0,3.510336,0,1.536275,0,0.000000
131642,3,0,29.381851,1.442560,0,26.493402,4.138015,0,6.801619,0,3.487978,0,1.530366,0,0.000000
131643,3,0,29.425316,1.437333,0,26.581625,4.136975,0,6.817582,0,3.487978,0,1.524503,0,0.000000
131644,3,0,29.488277,1.432773,0,26.793324,4.137097,0,6.822391,0,3.487978,0,1.518684,0,0.000000
131645,3,0,29.364037,1.428425,0,26.992525,4.132987,0,6.810608,0,3.510336,0,1.514610,0,0.000000
131646,3,0,29.414946,1.424485,0,26.312010,4.134510,0,6.790513,0,3.487978,0,1.508873,0,0.000000
131647,3,0,29.380907,1.420688,0,26.104658,4.133291,0,6.791728,0,3.465619,0,1.504866,0,0.000000
131648,3,0,29.373674,1.416454,0,25.973902,4.133660,0,6.778087,0,3.443260,0,1.500890,0,0.000000
131649,3,0,29.386293,1.412358,0,26.214138,4.136341,0,6.772275,0,3.487978,0,1.496944,0,0.000000
131650,3,0,29.378256,1.408013,0,27.225258,4.129566,0,6.759178,0,3.487978,0,1.491358,0,0.000000
131651,3,0,29.374054,1.403749,0,26.932940,4.124149,0,6.761761,0,3.487978,0,1.485814,0,0.000000
131652,3,0,29.425581,1.400280,0,26.128962,4.123199,0,6.762177,0,3.465619,0,1.481967,0,0.000000
131653,3,0,29.354248,1.395929,0,27.081890,4.127901,0,6.759583,0,3.487978,0,1.476498,0,0.000000
131654,3,0,29.427761,1.391286,0,26.313465,4.125820,0,6.750164,0,3.443260,0,1.473536,0,0.000000
131655,3,0,29.411585,1.387179,0,26.352411,4.120259,0,6.737150,0,3.465619,0,1.469777,0,0.000000
131656,3,0,29.416109,1.383559,0,26.270264,4.119948,0,6.707069,0,3.487978,0,1.464413,0,0.000000
131657,3,0,29.371824,1.379526,0,26.352470,4.116296,0,6.706523,0,3.465619,0,1.460714,0,0.000000
131658,3,0,29.386843,1.375346,0,26.188988,4.111920,0,6.696654,0,3.465619,0,1.456231,0,0.000000
131659,3,0,29.387531,1.371248,0,26.225822,4.110174,0,6.698693,0,3.465619,0,1.452588,0,0.000000
131700,3,0,29.360592,1.367589,0,27.036699,4.107357,0,6.708915,0,3.465619,0,1.448972,0,0.000000
131701,3,0,29.336275,1.363709,0,27.038170,4.102870,0,6.725331,0,3.465619,0,1.445381,0,0.000000
131702,3,0,29.337435,1.360163,0,26.661779,4.098275,0,6.745760,0,3.443260,0,1.441816,0,0.000000
131703,3,0,29.395973,1.356586,0,26.478172,4.091258,0,6.731638,0,3.443260,0,1.439868,0,0.000000
131704,3,0,29.382591,1.352456,0,26.339073,4.084997,0,6.718687,0,3.465619,0,1.436348,0,0.000000
131705,3,0,29.415518,1.353136,0,26.798685,4.094481,0,6.719574,0,3.487978,0,1.431272,0,0.000000
131706,3,0,29.364933,1.349260,0,26.326117,4.094711,0,6.754244,0,3.443260,0,1.427020,0,0.000000
131707,3,0,29.426556,1.345487,0,27.011425,4.088474,0,6.751886,0,3.465619,0,1.423582,0,0.000000
131708,3,0,29.420298,1.341687,0,27.255766,4.087085,0,6.760341,0,3.420901,0,1.420168,0,0.000000
131709,3,0,29.404156,1.337776,0,26.811108,4.082464,0,6.749001,0,3.465619,0,1.416778,0,0.000000
131710,3,0,29.385801,1.333747,0,26.217373,4.078300,0,6.732825,0,3.465619,0,1.412635,0,0.000000
131711,3,0,29.435858,1.329651,0,26.107643,4.074823,0,6.755223,0,3.443260,0,1.409294,0,0.000000
131712,3,0,29.430899,1.326361,0,27.179094,4.071848,0,6.765184,0,3.487978,0,1.406747,0,0.000000
131713,3,0,29.391788,1.322814,0,26.716318,4.068954,0,6.809704,0,3.443260,0,1.403450,0,0.000000
131714,3,0,29.382298,1.319012,0,26.306534,4.067416,0,6.830192,0,3.443260,0,1.399409,0,0.000000
131715,3,0,29.373545,1.314923,0,26.965143,4.062968,0,6.793049,0,3.487978,0,1.394633,0,0.000000
131716,3,0,29.347393,1.311772,0,27.116793,4.067579,0,6.807165,0,3.398542,0,1.392171,0,0.000000
131717,3,0,29.408112,1.309533,0,26.556171,4.064697,0,6.842468,0,3.443260,0,1.390483,0,0.000000
131719,3,0,29.436714,1.306274,0,27.092522,4.063084,0,6.812583,0,3.420901,0,1.388807,0,0.000000
131720,3,0,29.356956,1.304234,0,26.904894,4.063188,0,6.814580,0,3.398542,0,1.387143,0,0.000000
131721,3,0,29.389603,1.300500,0,26.983791,4.054947,0,6.823084,0,3.465619,0,1.383988,0,0.000000
131722,3,0,29.395750,1.296824,0,26.225027,4.054191,0,6.807991,0,3.443260,0,1.380855,0,0.000000
131723,3,0,29.404348,1.293360,0,26.670996,4.054602,0,6.801455,0,3.443260,0,1.379233,0,0.000000
131724,3,0,29.385893,1.289859,0,26.814983,4.047306,0,6.804478,0,3.443260,0,1.378365,0,0.000000
131725,3,0,29.443285,1.286557,0,27.280153,4.040846,0,6.792120,0,3.398542,0,1.376763,0,0.000000
131726,3,0,29.359573,1.283220,0,26.591312,4.036490,0,6.791354,0,3.465619,0,1.373695,0,0.000000
131727,3,0,29.363859,1.279583,0,26.543350,4.031683,0,6.797973,0,3.443260,0,1.372118,0,0.000000
131728,3,0,29.395334,1.275898,0,26.548494,4.027999,0,6.802489,0,3.420901,0,1.369085,0,0.000000
131729,3,0,29.313316,1.272915,0,26.835178,4.022891,0,6.783231,0,3.398542,0,1.367534,0,0.000000
131730,3,0,29.405258,1.269981,0,26.423300,4.024889,0,6.787772,0,3.376183,0,1.368178,0,0.000000
131731,3,0,29.401340,1.266691,0,26.759964,4.020354,0,6.800242,0,3.353824,0,1.365913,0,0.000000
131732,3,0,29.346241,1.263188,0,26.592140,4.016191,0,6.761541,0,3.376183,0,1.365111,0,0.000000
131733,3,0,29.388716,1.260314,0,26.373936,4.009452,0,6.760100,0,3.398542,0,1.362150,0,0.000000
131734,3,0,29.400568,1.256791,0,26.594452,4.000950,0,6.761267,0,3.376183,0,1.360645,0,0.000000
131735,3,0,29.402153,1.254682,0,26.197708,3.996879,0,6.770400,0,3.398542,0,1.360584,0,0.000000
131736,3,0,29.415207,1.251480,0,26.403416,3.994704,0,6.758999,0,3.286748,0,1.357666,0,0.000000
131737,3,0,29.399679,1.248694,0,26.579384,3.991617,0,6.730655,0,3.420901,0,1.354766,0,0.000000
131738,3,0,29.429760,1.246602,0,27.055088,3.990307,0,6.711010,0,3.420901,0,1.353305,0,0.000000
131739,3,0,29.364988,1.243476,0,26.399364,3.988509,0,6.687535,0,3.398542,0,1.352560,0,0.000000
131740,3,0,29.337040,1.240809,0,26.577768,3.990639,0,6.696631,0,3.376183,0,1.349704,0,0.000000
131741,3,0,29.357670,1.237696,0,26.376524,3.991271,0,6.708429,0,3.376183,0,1.346866,0,0.000000
131742,3,0,29.430731,1.235037,0,26.829750,3.992235,0,6.702747,0,3.331465,0,1.344045,0,0.000000
131743,3,0,29.367895,1.231871,0,27.004557,3.996424,0,6.693468,0,3.398542,0,1.341243,0,0.000000
131744,3,0,29.339546,1.229242,0,26.770988,3.997677,0,6.700480,0,3.309106,0,1.339850,0,0.000000
131745,3,0,29.397938,1.226227,0,26.628292,3.993861,0,6.690666,0,3.331465,0,1.337078,0,0.000000
131746,3,0,29.390816,1.223113,0,26.531660,3.995299,0,6.703644,0,3.376183,0,1.336400,0,0.000000
131747,3,0,29.376574,1.220499,0,27.108879,3.997897,0,6.723045,0,3.398542,0,1.336415,0,0.000000
131748,3,0,29.416348,1.218283,0,26.155874,3.992238,0,6.736352,0,3.353824,0,1.335055,0,0.000000
131749,3,0,29.410133,1.215684,0,26.082813,3.995314,0,6.738278,0,3.353824,0,1.333018,0,0.000000
131750,3,0,29.338156,1.213509,0,26.515011,3.993014,0,6.741261,0,3.331465,0,1.330309,0,0.000000
131751,3,0,29.337717,1.214504,0,26.452978,4.005877,0,6.760097,0,3.353824,0,1.327616,0,0.000000
131752,3,0,29.384382,1.212050,0,26.933294,4.003682,0,6.774950,0,3.286748,0,1.324940,0,0.000000
131753,3,0,29.363798,1.209678,0,26.838474,4.003499,0,6.804970,0,3.376183,0,1.322958,0,0.000000
131754,3,0,29.403360,1.206653,0,27.164907,4.002314,0,6.789534,0,3.353824,0,1.320312,0,0.000000
131755,3,0,29.372839,1.204009,0,26.038813,3.997251,0,6.787356,0,3.353824,0,1.318355,0,0.000000
131756,3,0,29.305632,1.201228,0,26.981340,3.995930,0,6.815024,0,3.353824,0,1.317082,0,0.000000
131757,3,0,29.335443,1.198578,0,25.886295,3.996198,0,6.782718,0,3.376183,0,1.317155,0,0.000000
131759,3,0,29.314661,1.195671,0,26.248552,3.994889,0,6.825614,0,3.309106,0,1.314558,0,0.000000
131800,3,0,29.383244,1.192857,0,26.487001,3.993176,0,6.784309,0,3.286748,0,1.311311,0,0.000000
131801,3,0,29.366331,1.190006,0,26.647409,3.989581,0,6.802291,0,3.353824,0,1.311401,0,0.000000
131802,3,0,29.430143,1.187117,0,27.053688,3.982829,0,6.800949,0,3.376183,0,1.308844,0,0.000000
131803,3,0,29.336369,1.184721,0,26.799376,3.976106,0,6.807217,0,3.376183,0,1.308281,0,0.000000
131804,3,0,29.337284,1.182600,0,26.183924,3.969841,0,6.781530,0,3.353824,0,1.307064,0,0.000000
131805,3,0,29.425156,1.180360,0,26.640057,3.966471,0,6.805993,0,3.331465,0,1.305853,0,0.000000
131806,3,0,29.341883,1.177339,0,26.521454,3.960628,0,6.803048,0,3.309106,0,1.303996,0,0.000000
131807,3,0,29.425461,1.174979,0,26.544586,3.956777,0,6.795296,0,3.309106,0,1.302150,0,0.000000
131808,3,0,29.334143,1.172492,0,26.885668,3.955059,0,6.793694,0,3.331465,0,1.300315,0,0.000000
131809,3,0,29.329124,1.169884,0,26.970770,3.950004,0,6.807076,0,3.286748,0,1.297842,0,0.000000
131810,3,0,29.395071,1.167765,0,26.324839,3.946526,0,6.779978,0,3.331465,0,1.296676,0,0.000000
131811,3,0,29.420120,1.165548,0,26.760569,3.940043,0,6.771589,0,3.286748,0,1.294228,0,0.000000
131812,3,0,29.419741,1.163150,0,26.692440,3.936860,0,6.771439,0,3.309106,0,1.293079,0,0.000000
131813,3,0,29.396273,1.161382,0,26.204821,3.933142,0,6.775077,0,3.331465,0,1.293217,0,0.000000
131814,3,0,29.334541,1.159088,0,26.408222,3.928097,0,6.764844,0,3.376183,0,1.292078,0,0.000000
131815,3,0,29.337452,1.157060,0,26.310778,3.923043,0,6.739845,0,3.309106,0,1.290945,0,0.000000
131816,3,0,29.370691,1.154681,0,26.666735,3.921275,0,6.731570,0,3.331465,0,1.289818,0,0.000000
131817,3,0,29.410629,1.151573,0,26.621752,3.919723,0,6.743839,0,3.309106,0,1.288064,0,0.000000
131818,3,0,29.357822,1.149110,0,26.647873,3.916157,0,6.727956,0,3.309106,0,1.286952,0,0.000000
131819,3,0,29.397459,1.146552,0,26.797724,3.916352,0,6.737772,0,3.264389,0,1.283327,0,0.000000
131820,3,0,29.321547,1.143866,0,26.309458,3.914802,0,6.743991,0,3.286748,0,1.280978,0,0.000000
131821,3,0,29.385946,1.141667,0,26.158972,3.917322,0,6.721567,0,3.309106,0,1.279269,0,0.000000
131822,3,0,29.397663,1.139836,0,26.846794,3.916991,0,6.725720,0,3.309106,0,1.276945,0,0.000000
131823,3,0,29.346485,1.138132,0,26.219362,3.915578,0,6.723542,0,3.264389,0,1.273388,0,0.000000
131824,3,0,29.410212,1.135995,0,26.217009,3.914390,0,6.737903,0,3.309106,0,1.271714,0,0.000000
131825,3,0,29.387508,1.133819,0,26.652683,3.912604,0,6.726917,0,3.309106,0,1.270668,0,0.000000
131826,3,0,29.288656,1.132036,0,26.758780,3.909583,0,6.724734,0,3.353824,0,1.269629,0,0.000000
131827,3,0,29.410204,1.130336,0,25.909178,3.906538,0,6.706761,0,3.286748,0,1.267363,0,0.000000
131828,3,0,29.363968,1.128664,0,26.373491,3.908006,0,6.722847,0,3.309106,0,1.265110,0,0.000000
131829,3,0,29.380106,1.126745,0,26.863955,3.904525,0,6.756508,0,3.331465,0,1.264094,0,0.000000
131830,3,0,29.359791,1.124580,0,26.792891,3.905147,0,6.739082,0,3.353824,0,1.263695,0,0.000000
131831,3,0,29.371059,1.122887,0,26.518808,3.905540,0,6.746880,0,3.309106,0,1.262079,0,0.000000
131832,3,0,29.393950,1.123511,0,26.417770,3.913123,0,6.766565,0,3.309106,0,1.259865,0,0.000000
131833,3,0,29.325665,1.121279,0,26.535444,3.912053,0,6.777853,0,3.309106,0,1.258268,0,0.000000
131834,3,0,29.286985,1.118783,0,26.419691,3.910364,0,6.761803,0,3.309106,0,1.257285,0,0.000000
131835,3,0,29.376400,1.116863,0,26.705147,3.908475,0,6.770739,0,3.309106,0,1.256306,0,0.000000
131836,3,0,29.406183,1.114536,0,26.492224,3.907768,0,6.776677,0,3.286748,0,1.254131,0,0.000000
131837,3,0,29.350065,1.112471,0,26.190077,3.903804,0,6.764071,0,3.309106,0,1.253167,0,0.000000
131839,3,0,29.315878,1.109982,0,26.754532,3.903080,0,6.791454,0,3.286748,0,1.250414,0,0.000000
131840,3,0,29.378895,1.107677,0,26.173853,3.901423,0,6.789142,0,3.309106,0,1.248868,0,0.000000
131841,3,0,29.276196,1.106244,0,26.265709,3.898327,0,6.812041,0,3.309106,0,1.247925,0,0.000000
131842,3,0,29.296957,1.104172,0,26.950510,3.900473,0,6.795372,0,3.286748,0,1.245801,0,0.000000
131843,3,0,29.322834,1.101897,0,26.741007,3.896530,0,6.803884,0,3.353824,0,1.244872,0,0.000000
131844,3,0,29.239902,1.099945,0,26.708410,3.894165,0,6.767775,0,3.309106,0,1.243357,0,0.000000
131845,3,0,29.352648,1.098217,0,26.824331,3.891555,0,6.777905,0,3.309106,0,1.242438,0,0.000000
131846,3,0,29.389511,1.095947,0,26.493402,3.887914,0,6.782068,0,3.331465,0,1.242698,0,0.000000
131847,3,0,29.353920,1.093826,0,26.267746,3.884471,0,6.804610,0,3.286748,0,1.240616,0,0.000000
131848,3,0,29.358004,1.091505,0,26.732243,3.876815,0,6.813043,0,3.286748,0,1.238544,0,0.000000
131849,3,0,29.343788,1.089989,0,26.649670,3.871451,0,6.801351,0,3.286748,0,1.236483,0,0.000000
131850,3,0,29.339355,1.087770,0,26.549458,3.873776,0,6.776042,0,3.286748,0,1.234433,0,0.000000
131851,3,0,29.317171,1.085998,0,26.588247,3.868302,0,6.778142,0,3.309106,0,1.231815,0,0.000000
131852,3,0,29.314060,1.083900,0,26.683466,3.864572,0,6.790194,0,3.264389,0,1.228631,0,0.000000
131853,3,0,29.388657,1.081889,0,26.446272,3.868253,0,6.784561,0,3.286748,0,1.226617,0,0.000000
131854,3,0,29.334305,1.079611,0,26.731794,3.865322,0,6.774497,0,3.264389,0,1.223464,0,0.000000
131855,3,0,29.355307,1.077477,0,26.376688,3.863404,0,6.743071,0,3.353824,0,1.222047,0,0.000000
131856,3,0,29.296890,1.075704,0,26.661339,3.858137,0,6.763478,0,3.309106,0,1.221209,0,0.000000
131857,3,0,29.417570,1.073787,0,26.201269,3.853228,0,6.768351,0,3.331465,0,1.219805,0,0.000000
131858,3,0,29.413839,1.071468,0,26.498522,3.849863,0,6.754187,0,3.264389,0,1.216701,0,0.000000
131859,3,0,29.310673,1.069486,0,26.353979,3.847779,0,6.716526,0,3.309106,0,1.215315,0,0.000000
131900,3,0,29.352192,1.068094,0,26.815758,3.853426,0,6.720216,0,3.264389,0,1.212239,0,0.000000
131901,3,0,29.318594,1.066304,0,26.050764,3.847284,0,6.721600,0,3.309106,0,1.210871,0,0.000000
131902,3,0,29.398933,1.064157,0,27.392090,3.848711,0,6.741879,0,3.309106,0,1.210074,0,0.000000
131903,3,0,29.337725,1.062123,0,26.830845,3.850032,0,6.753339,0,3.264389,0,1.207034,0,0.000000
131904,3,0,29.386583,1.060454,0,26.988972,3.848330,0,6.718606,0,3.286748,0,1.205129,0,0.000000
131905,3,0,29.294691,1.058596,0,26.445866,3.844301,0,6.711703,0,3.286748,0,1.203234,0,0.000000
131906,3,0,29.364622,1.057840,0,26.812180,3.842937,0,6.737333,0,3.264389,0,1.200234,0,0.000000
131907,3,0,29.301926,1.056008,0,26.596731,3.838992,0,6.712193,0,3.286748,0,1.198360,0,0.000000
131908,3,0,29.291241,1.056607,0,26.589842,3.849594,0,6.722471,0,3.264389,0,1.195387,0,0.000000
131909,3,0,29.306402,1.055067,0,26.927933,3.846979,0,6.711843,0,3.264389,0,1.192428,0,0.000000
131910,3,0,29.293535,1.053341,0,26.405724,3.846069,0,6.729583,0,3.309106,0,1.191692,0,0.000000
131911,3,0,29.362051,1.052136,0,26.125553,3.844025,0,6.760019,0,3.264389,0,1.188757,0,0.000000
131912,3,0,29.435095,1.050576,0,26.806534,3.843672,0,6.747091,0,3.264389,0,1.185836,0,0.000000
131913,3,0,29.364460,1.048998,0,26.146479,3.843264,0,6.781847,0,3.264389,0,1.182930,0,0.000000
131914,3,0,29.303730,1.047570,0,26.631571,3.842621,0,6.758854,0,3.286748,0,1.181131,0,0.000000
131915,3,0,29.342104,1.045591,0,26.930309,3.842114,0,6.755939,0,3.264389,0,1.178250,0,0.000000
131916,3,0,29.409916,1.043467,0,26.780228,3.842809,0,6.786023,0,3.286748,0,1.176471,0,0.000000
131917,3,0,29.283888,1.042315,0,26.067945,3.839894,0,6.788780,0,3.309106,0,1.175244,0,0.000000
131919,3,0,29.319750,1.040776,0,26.961748,3.835635,0,6.809540,0,3.286748,0,1.173481,0,0.000000
131920,3,0,29.299400,1.038875,0,26.764627,3.835587,0,6.805743,0,3.286748,0,1.171726,0,0.000000
131921,3,0,29.359739,1.037072,0,26.929794,3.834475,0,6.793401,0,3.264389,0,1.168903,0,0.000000
131922,3,0,29.325432,1.035168,0,26.807293,3.831850,0,6.817754,0,3.264389,0,1.166093,0,0.000000
131923,3,0,29.399570,1.033742,0,26.824465,3.827170,0,6.787918,0,3.264389,0,1.163297,0,0.000000
131924,3,0,29.369087,1.032256,0,26.417692,3.824727,0,6.811681,0,3.264389,0,1.160514,0,0.000000
131925,3,0,29.289602,1.030133,0,26.719976,3.821845,0,6.790208,0,3.264389,0,1.157744,0,0.000000
131926,3,0,29.324970,1.028313,0,26.543293,3.820815,0,6.795168,0,3.264389,0,1.154987,0,0.000000
131927,3,0,29.346756,1.026570,0,26.296898,3.818470,0,6.825390,0,3.309106,0,1.153306,0,0.000000
131928,3,0,29.373154,1.024566,0,26.139894,3.814034,0,6.808659,0,3.309106,0,1.151633,0,0.000000
131929,3,0,29.332224,1.022922,0,26.470058,3.811066,0,6.821207,0,3.331465,0,1.150496,0,0.000000
131930,3,0,29.304192,1.020850,0,26.454882,3.809793,0,6.806177,0,3.286748,0,1.148837,0,0.000000
131931,3,0,29.312223,1.019394,0,26.292160,3.807103,0,6.780205,0,3.309106,0,1.146660,0,0.000000
131932,3,0,29.319500,1.017730,0,27.225927,3.804043,0,6.792438,0,3.286748,0,1.145018,0,0.000000
131933,3,0,29.352814,1.016576,0,26.505497,3.802047,0,6.792991,0,3.309106,0,1.143384,0,0.000000
131934,3,0,29.272614,1.015515,0,27.098024,3.797613,0,6.782217,0,3.309106,0,1.142802,0,0.000000
131935,3,0,29.349995,1.013937,0,26.591789,3.792561,0,6.791037,0,3.264389,0,1.140138,0,0.000000
131936,3,0,29.306795,1.012259,0,26.433401,3.791553,0,6.799676,0,3.264389,0,1.137487,0,0.000000
131937,3,0,29.393734,1.010821,0,27.134357,3.789315,0,6.764709,0,3.286748,0,1.135366,0,0.000000
131938,3,0,29.315659,1.009127,0,26.797155,3.787026,0,6.755440,0,3.286748,0,1.133256,0,0.000000
131939,3,0,29.264647,1.007505,0,26.608622,3.783916,0,6.746687,0,3.309106,0,1.131155,0,0.000000
131940,3,0,29.354244,1.005949,0,26.342119,3.781899,0,6.742232,0,3.264389,0,1.130609,0,0.000000
131941,3,0,29.346258,1.004440,0,26.366091,3.778377,0,6.733987,0,3.286748,0,1.128524,0,0.000000
131942,3,0,29.287428,1.003003,0,26.729607,3.772524,0,6.731397,0,3.286748,0,1.126962,0,0.000000
131943,3,0,29.340282,1.001313,0,26.719938,3.766891,0,6.754838,0,3.286748,0,1.125406,0,0.000000
131944,3,0,29.285347,0.999936,0,26.772493,3.764023,0,6.730558,0,3.286748,0,1.123857,0,0.000000
131945,3,0,29.251133,0.998781,0,26.146015,3.762859,0,6.711874,0,3.264389,0,1.121297,0,0.000000
131946,3,0,29.334431,0.997305,0,26.792490,3.765862,0,6.700575,0,3.286748,0,1.119765,0,0.000000
131947,3,0,29.263756,0.996086,0,26.745741,3.764342,0,6.715797,0,3.309106,0,1.118747,0,0.000000
131948,3,0,29.329256,0.994964,0,26.292690,3.761814,0,6.738111,0,3.309106,0,1.118240,0,0.000000
131949,3,0,29.318430,0.993070,0,26.271782,3.759866,0,6.749821,0,3.242030,0,1.116725,0,0.000000
131950,3,0,29.279066,0.991448,0,26.451418,3.761060,0,6.747491,0,3.242030,0,1.115217,0,0.000000
131951,3,0,29.273979,0.990521,0,26.270517,3.762964,0,6.728146,0,3.242030,0,1.113716,0,0.000000
131952,3,0,29.302252,0.988923,0,26.442421,3.763337,0,6.742626,0,3.286748,0,1.112221,0,0.000000
131953,3,0,29.310257,0.987396,0,26.056368,3.764552,0,6.742219,0,3.286748,0,1.110233,0,0.000000
131954,3,0,29.348030,0.988372,0,26.547163,3.773530,0,6.747629,0,3.264389,0,1.107755,0,0.000000
131955,3,0,29.324402,0.987225,0,26.677837,3.770488,0,6.766780,0,3.286748,0,1.105786,0,0.000000
131956,3,0,29.351368,0.985733,0,27.038137,3.765597,0,6.791630,0,3.286748,0,1.104322,0,0.000000
131957,3,0,29.345243,0.984637,0,26.885017,3.763571,0,6.786524,0,3.264389,0,1.101874,0,0.000000
131959,3,0,29.394009,0.983336,0,26.598536,3.761195,0,6.775642,0,3.286748,0,1.100425,0,0.000000
132000,3,0,29.320532,0.982197,0,26.211031,3.760217,0,6.806645,0,3.331465,0,1.099970,0,0.000000
132001,3,0,29.306293,0.981173,0,26.673729,3.759564,0,6.800451,0,3.264389,0,1.097547,0,0.000000
132002,3,0,29.308514,0.980128,0,26.372969,3.759601,0,6.789248,0,3.264389,0,1.095135,0,0.000000
132003,3,0,29.322874,0.978844,0,26.912729,3.756979,0,6.813334,0,3.309106,0,1.094695,0,0.000000
132004,3,0,29.341999,0.977338,0,27.077322,3.757463,0,6.807655,0,3.264389,0,1.092299,0,0.000000
132005,3,0,29.303762,0.975536,0,26.241156,3.754826,0,6.823119,0,3.286748,0,1.090891,0,0.000000
132006,3,0,29.312603,0.974312,0,26.510740,3.751673,0,6.839321,0,3.286748,0,1.089001,0,0.000000
132007,3,0,29.338425,0.972829,0,26.960405,3.750424,0,6.831030,0,3.264389,0,1.086634,0,0.000000
132008,3,0,29.332821,0.971606,0,26.259394,3.746921,0,6.821339,0,3.264389,0,1.084277,0,0.000000
132009,3,0,29.290298,0.970445,0,25.926352,3.744682,0,6.831140,0,3.286748,0,1.082414,0,0.000000
132010,3,0,29.284004,0.968674,0,26.429157,3.742767,0,6.816214,0,3.264389,0,1.080076,0,0.000000
132011,3,0,29.350399,0.967375,0,26.707981,3.743172,0,6.820109,0,3.264389,0,1.077748,0,0.000000
132012,3,0,29.332874,0.966160,0,26.667583,3.745099,0,6.821334,0,3.264389,0,1.075431,0,0.000000
132013,3,0,29.395973,0.965238,0,26.800354,3.746057,0,6.797585,0,3.286748,0,1.074082,0,0.000000
132014,3,0,29.352503,0.963936,0,26.659704,3.748280,0,6.799056,0,3.286748,0,1.072740,0,0.000000
132015,3,0,29.329147,0.962616,0,26.135101,3.744001,0,6.775120,0,3.264389,0,1.070448,0,0.000000
132016,3,0,29.261774,0.961347,0,26.626385,3.747007,0,6.781528,0,3.264389,0,1.068165,0,0.000000
132017,3,0,29.315369,0.959882,0,26.688025,3.746587,0,6.783496,0,3.286748,0,1.066844,0,0.000000
132018,3,0,29.279572,0.958594,0,26.973146,3.749923,0,6.758845,0,3.264389,0,1.064579,0,0.000000
132019,3,0,29.311670,0.957103,0,26.762100,3.749818,0,6.747714,0,3.264389,0,1.062324,0,0.000000
132020,3,0,29.309055,0.955642,0,26.658716,3.750187,0,6.768635,0,3.264389,0,1.060078,0,0.000000
132021,3,0,29.248173,0.954881,0,26.781603,3.747221,0,6.746562,0,3.286748,0,1.058313,0,0.000000
132022,3,0,29.240541,0.953802,0,26.350836,3.744710,0,6.731416,0,3.264389,0,1.056085,0,0.000000
132023,3,0,29.355560,0.952533,0,27.068945,3.743312,0,6.725636,0,3.286748,0,1.054336,0,0.000000
132024,3,0,29.338326,0.951226,0,27.067028,3.741460,0,6.737297,0,3.286748,0,1.053063,0,0.000000
132025,3,0,29.308168,0.949919,0,26.260876,3.740883,0,6.710042,0,3.264389,0,1.050860,0,0.000000
132026,3,0,29.318516,0.948339,0,26.518467,3.736803,0,6.752438,0,3.264389,0,1.048666,0,0.000000
132027,3,0,29.339172,0.947007,0,27.199547,3.734393,0,6.734560,0,3.264389,0,1.046481,0,0.000000
132028,3,0,29.334837,0.945355,0,26.136438,3.734433,0,6.735405,0,3.264389,0,1.044306,0,0.000000
132029,3,0,29.299335,0.943875,0,26.210464,3.734395,0,6.755491,0,3.264389,0,1.042139,0,0.000000
132030,3,0,29.283321,0.944818,0,27.176212,3.741397,0,6.725046,0,3.286748,0,1.040908,0,0.000000
132031,3,0,29.279968,0.943522,0,26.623260,3.740590,0,6.727858,0,3.264389,0,1.038757,0,0.000000
132032,3,0,29.319572,0.942617,0,26.171694,3.738199,0,6.708112,0,3.264389,0,1.036615,0,0.000000
132033,3,0,29.318216,0.941099,0,26.972408,3.734471,0,6.752166,0,3.286748,0,1.035402,0,0.000000
132034,3,0,29.289864,0.939753,0,26.660612,3.732368,0,6.756782,0,3.264389,0,1.033276,0,0.000000
132035,3,0,29.265533,0.938484,0,27.018553,3.728269,0,6.780626,0,3.286748,0,1.031617,0,0.000000
132036,3,0,29.304598,0.937253,0,26.630566,3.727582,0,6.798843,0,3.264389,0,1.029507,0,0.000000
132037,3,0,29.384253,0.936237,0,26.223274,3.725736,0,6.780828,0,3.264389,0,1.027406,0,0.000000
132039,3,0,29.222790,0.935094,0,26.965441,3.723828,0,6.777697,0,3.309106,0,1.027135,0,0.000000
132040,3,0,29.377428,0.933745,0,25.935194,3.723490,0,6.770415,0,3.286748,0,1.025957,0,0.000000
132041,3,0,29.293972,0.932837,0,26.730629,3.724432,0,6.789712,0,3.309106,0,1.025690,0,0.000000
132042,3,0,29.348925,0.931569,0,26.742575,3.724826,0,6.823911,0,3.286748,0,1.024518,0,0.000000
132043,3,0,29.369835,0.930435,0,26.931419,3.724666,0,6.794631,0,3.286748,0,1.023352,0,0.000000
132044,3,0,29.233599,0.929537,0,25.963114,3.723164,0,6.843198,0,3.286748,0,1.022190,0,0.000000
132045,3,0,29.282701,0.928139,0,26.703468,3.719432,0,6.818832,0,3.286748,0,1.020584,0,0.000000
132046,3,0,29.337547,0.926942,0,26.301823,3.715161,0,6.835749,0,3.264389,0,1.018534,0,0.000000
132047,3,0,29.293745,0.925462,0,27.057734,3.714868,0,6.817332,0,3.309106,0,1.018285,0,0.000000
132048,3,0,29.300646,0.924545,0,25.793573,3.713675,0,6.827233,0,3.309106,0,1.017590,0,0.000000
132049,3,0,29.299803,0.923469,0,26.601074,3.713950,0,6.850215,0,3.264389,0,1.015559,0,0.000000
132050,3,0,29.359453,0.922216,0,26.643196,3.710879,0,6.835853,0,3.309106,0,1.015318,0,0.000000
132051,3,0,29.360956,0.920829,0,26.974133,3.705570,0,6.845041,0,3.286748,0,1.013744,0,0.000000
132052,3,0,29.281755,0.919596,0,27.290010,3.705075,0,6.833101,0,3.264389,0,1.011732,0,0.000000
132053,3,0,29.318495,0.918665,0,26.271959,3.705167,0,6.826338,0,3.286748,0,1.010615,0,0.000000
132054,3,0,29.334951,0.917577,0,26.112476,3.703784,0,6.837893,0,3.264389,0,1.008617,0,0.000000
132055,3,0,29.274124,0.915968,0,26.634935,3.700539,0,6.840966,0,3.309106,0,1.007951,0,0.000000
132056,3,0,29.273815,0.915038,0,26.847330,3.695001,0,6.814385,0,3.264389,0,1.005967,0,0.000000
132057,3,0,29.290043,0.914251,0,26.483469,3.694448,0,6.812288,0,3.264389,0,1.003990,0,0.000000
132058,3,0,29.301012,0.913221,0,26.808331,3.690079,0,6.770372,0,3.286748,0,1.002899,0,0.000000
132059,3,0,29.342806,0.911902,0,26.722166,3.688225,0,6.770329,0,3.286748,0,1.001811,0,0.000000
132100,3,0,29.344378,0.911149,0,26.913103,3.686579,0,6.781752,0,3.286748,0,1.001601,0,0.000000
132101,3,0,29.307468,0.909853,0,26.986654,3.682479,0,6.774310,0,3.264389,0,0.999649,0,0.000000
132102,3,0,29.344444,0.908877,0,26.731840,3.682355,0,6.765258,0,3.264389,0,0.997704,0,0.000000
132103,3,0,29.258522,0.907472,0,26.470734,3.678071,0,6.775680,0,3.286748,0,0.996635,0,0.000000
132104,3,0,29.344009,0.905900,0,26.693256,3.676684,0,6.755686,0,3.286748,0,0.995570,0,0.000000
132105,3,0,29.321274,0.904852,0,27.143763,3.675301,0,6.789776,0,3.286748,0,0.994510,0,0.000000
132106,3,0,29.287251,0.903536,0,26.217476,3.674081,0,6.759613,0,3.264389,0,0.992590,0,0.000000
132107,3,0,29.241158,0.902007,0,26.530991,3.673931,0,6.725000,0,3.286748,0,0.991108,0,0.000000
132108,3,0,29.333546,0.900893,0,26.609243,3.674398,0,6.755126,0,3.264389,0,0.989202,0,0.000000
132109,3,0,29.286577,0.900003,0,27.013897,3.673682,0,6.721553,0,3.264389,0,0.987303,0,0.000000
132110,3,0,29.322220,0.898977,0,26.370468,3.670683,0,6.728479,0,3.264389,0,0.985412,0,0.000000
132111,3,0,29.278315,0.897733,0,26.319967,3.667345,0,6.757860,0,3.264389,0,0.983528,0,0.000000
132112,3,0,29.245100,0.896659,0,26.716139,3.665826,0,6.775260,0,3.286748,0,0.982504,0,0.000000
132113,3,0,29.299774,0.895587,0,27.033531,3.666590,0,6.755472,0,3.264389,0,0.980633,0,0.000000
132114,3,0,29.329212,0.894397,0,26.571848,3.665170,0,6.750150,0,3.264389,0,0.978768,0,0.000000
132115,3,0,29.285515,0.893263,0,26.192812,3.661612,0,6.740112,0,3.264389,0,0.976911,0,0.000000
132116,3,0,29.251415,0.893887,0,25.967257,3.670756,0,6.785572,0,3.286748,0,0.975908,0,0.000000
132117,3,0,29.279173,0.892860,0,27.116434,3.670650,0,6.770103,0,3.264389,0,0.974063,0,0.000000
132119,3,0,29.302046,0.892377,0,26.580311,3.668942,0,6.777072,0,3.264389,0,0.972225,0,0.000000
132120,3,0,29.338089,0.891320,0,26.434502,3.665058,0,6.763457,0,3.264389,0,0.970394,0,0.000000
132121,3,0,29.314882,0.889969,0,26.146133,3.664341,0,6.776932,0,3.264389,0,0.968570,0,0.000000
132122,3,0,29.307041,0.888900,0,26.509628,3.662419,0,6.793161,0,3.242030,0,0.967173,0,0.000000
132123,3,0,29.299650,0.888099,0,26.851830,3.662139,0,6.810272,0,3.264389,0,0.965361,0,0.000000
132124,3,0,29.352777,0.886912,0,26.271549,3.657867,0,6.824174,0,3.242030,0,0.964393,0,0.000000
132125,3,0,29.325260,0.885871,0,26.430199,3.659714,0,6.822546,0,3.286748,0,0.963428,0,0.000000
132126,3,0,29.264767,0.884934,0,26.677397,3.657374,0,6.823630,0,3.264389,0,0.961634,0,0.000000
132127,3,0,29.262367,0.883645,0,26.397388,3.654030,0,6.831662,0,3.264389,0,0.959846,0,0.000000
132128,3,0,29.259188,0.882700,0,26.068481,3.652380,0,6.821760,0,3.264389,0,0.958066,0,0.000000
132129,3,0,29.295876,0.881389,0,26.261322,3.653390,0,6.842002,0,3.286748,0,0.956706,0,0.000000
132130,3,0,29.287140,0.880172,0,26.704969,3.653177,0,6.850810,0,3.264389,0,0.954937,0,0.000000
132131,3,0,29.276464,0.878734,0,27.098690,3.649775,0,6.828611,0,3.264389,0,0.953175,0,0.000000
132132,3,0,29.292889,0.878190,0,26.156981,3.648606,0,6.851905,0,3.309106,0,0.953067,0,0.000000
132133,3,0,29.315193,0.877166,0,26.660690,3.650984,0,6.814991,0,3.286748,0,0.952137,0,0.000000
132134,3,0,29.302299,0.876073,0,26.662138,3.653418,0,6.818915,0,3.264389,0,0.951621,0,0.000000
132135,3,0,29.304844,0.875234,0,26.872845,3.651165,0,6.818736,0,3.286748,0,0.950697,0,0.000000
132136,3,0,29.294403,0.873962,0,26.078068,3.651567,0,6.811355,0,3.264389,0,0.950594,0,0.000000
132137,3,0,29.286789,0.873057,0,27.065323,3.651375,0,6.806798,0,3.264389,0,0.948859,0,0.000000
132138,3,0,29.299044,0.872070,0,26.191809,3.651994,0,6.804382,0,3.264389,0,0.947131,0,0.000000
132139,3,0,29.320665,0.870936,0,27.209194,3.649570,0,6.785724,0,3.242030,0,0.945815,0,0.000000
132140,3,0,29.216909,0.870178,0,26.268967,3.650515,0,6.771974,0,3.242030,0,0.944910,0,0.000000
132141,3,0,29.331755,0.869198,0,26.607330,3.646729,0,6.790797,0,3.242030,0,0.943604,0,0.000000
132142,3,0,29.270580,0.868048,0,26.498112,3.644168,0,6.780914,0,3.286748,0,0.942706,0,0.000000
132143,3,0,29.313995,0.867059,0,27.292915,3.643776,0,6.757328,0,3.242030,0,0.941812,0,0.000000
132144,3,0,29.340498,0.866243,0,27.035315,3.642422,0,6.735073,0,3.264389,0,0.941726,0,0.000000
132145,3,0,29.326094,0.865157,0,26.242928,3.640172,0,6.748116,0,3.242030,0,0.940434,0,0.000000
132146,3,0,29.317406,0.864160,0,26.516317,3.638846,0,6.736777,0,3.286748,0,0.939549,0,0.000000
132147,3,0,29.277922,0.863168,0,26.146679,3.636731,0,6.750086,0,3.264389,0,0.939468,0,0.000000
132148,3,0,29.296753,0.862125,0,27.051655,3.635965,0,6.725577,0,3.242030,0,0.938587,0,0.000000
132149,3,0,29.341801,0.861096,0,26.559135,3.637035,0,6.743754,0,3.242030,0,0.937710,0,0.000000
132150,3,0,29.237602,0.859992,0,26.387842,3.634002,0,6.745297,0,3.264389,0,0.936038,0,0.000000
132151,3,0,29.282578,0.858916,0,27.091976,3.631047,0,6.756631,0,3.219671,0,0.935566,0,0.000000
132152,3,0,29.301537,0.857975,0,26.824734,3.630241,0,6.740044,0,3.264389,0,0.933905,0,0.000000
132153,3,0,29.218185,0.857051,0,26.805197,3.630243,0,6.719996,0,3.264389,0,0.932249,0,0.000000
132154,3,0,29.287222,0.856161,0,25.952906,3.627157,0,6.762116,0,3.242030,0,0.931390,0,0.000000
132155,3,0,29.311981,0.854972,0,26.959154,3.626307,0,6.745716,0,3.264389,0,0.930930,0,0.000000
132156,3,0,29.300734,0.854067,0,26.059202,3.625135,0,6.754446,0,3.264389,0,0.929288,0,0.000000
132157,3,0,29.345869,0.854664,0,26.543879,3.632961,0,6.774904,0,3.242030,0,0.928439,0,0.000000
132159,3,0,29.271368,0.853937,0,26.224464,3.633162,0,6.772246,0,3.309106,0,0.928379,0,0.000000
132200,3,0,29.294176,0.853047,0,27.069242,3.631840,0,6.791655,0,3.264389,0,0.926751,0,0.000000
132201,3,0,29.306347,0.852020,0,26.845520,3.631166,0,6.783513,0,3.286748,0,0.925519,0,0.000000
132202,3,0,29.267374,0.851038,0,26.202650,3.628346,0,6.798614,0,3.286748,0,0.924292,0,0.000000
132203,3,0,29.331758,0.849946,0,26.374447,3.625056,0,6.802668,0,3.242030,0,0.923459,0,0.000000
132204,3,0,29.285654,0.849164,0,26.128405,3.625052,0,6.823163,0,3.264389,0,0.921850,0,0.000000
132205,3,0,29.282204,0.848243,0,25.959646,3.625524,0,6.822835,0,3.242030,0,0.921025,0,0.000000
132206,3,0,29.330450,0.847239,0,26.580465,3.623820,0,6.799959,0,3.242030,0,0.920202,0,0.000000
132207,3,0,29.287674,0.846204,0,26.748922,3.623667,0,6.834846,0,3.286748,0,0.919383,0,0.000000
132208,3,0,29.266592,0.845496,0,26.769585,3.622341,0,6.822624,0,3.242030,0,0.918566,0,0.000000
132209,3,0,29.306517,0.844769,0,26.063051,3.622274,0,6.807346,0,3.264389,0,0.916979,0,0.000000
132210,3,0,29.322357,0.843892,0,26.561382,3.620183,0,6.821500,0,3.286748,0,0.916169,0,0.000000
132211,3,0,29.265957,0.843093,0,26.658115,3.619705,0,6.856268,0,3.264389,0,0.914592,0,0.000000
132212,3,0,29.287159,0.842048,0,26.136026,3.618787,0,6.857468,0,3.286748,0,0.913789,0,0.000000
132213,3,0,29.259893,0.841236,0,26.252710,3.617103,0,6.841405,0,3.264389,0,0.912222,0,0.000000
132214,3,0,29.260979,0.840588,0,26.795492,3.616607,0,6.815688,0,3.264389,0,0.910660,0,0.000000
132215,3,0,29.259113,0.840084,0,26.214890,3.616719,0,6.809836,0,3.264389,0,0.909103,0,0.000000
132216,3,0,29.263124,0.839480,0,27.323038,3.616554,0,6.826190,0,3.286748,0,0.908315,0,0.000000
132217,3,0,29.337307,0.838366,0,26.935265,3.615017,0,6.826628,0,3.242030,0,0.907529,0,0.000000
132218,3,0,29.349121,0.837453,0,26.346594,3.614128,0,6.837631,0,3.264389,0,0.907127,0,0.000000
132219,3,0,29.306547,0.836534,0,26.734947,3.616934,0,6.829869,0,3.242030,0,0.906346,0,0.000000
132220,3,0,29.305481,0.835641,0,26.590288,3.617887,0,6.810300,0,3.242030,0,0.905568,0,0.000000
132221,3,0,29.307652,0.834881,0,26.210945,3.615179,0,6.782341,0,3.242030,0,0.904792,0,0.000000
132222,3,0,29.356970,0.833870,0,26.316442,3.613652,0,6.799787,0,3.264389,0,0.903264,0,0.000000
132223,3,0,29.255093,0.833119,0,26.898981,3.614232,0,6.781334,0,3.264389,0,0.901741,0,0.000000
132224,3,0,29.294512,0.832385,0,26.476727,3.613389,0,6.776071,0,3.286748,0,0.900975,0,0.000000
132225,3,0,29.274994,0.831471,0,26.711187,3.610963,0,6.765987,0,3.219671,0,0.900589,0,0.000000
132226,3,0,29.277113,0.830439,0,26.388994,3.610288,0,6.734088,0,3.242030,0,0.899828,0,0.000000
132227,3,0,29.321787,0.830006,0,26.616617,3.608178,0,6.716657,0,3.242030,0,0.899070,0,0.000000
132228,3,0,29.327600,0.829188,0,26.772177,3.604324,0,6.750010,0,3.264389,0,0.899062,0,0.000000
132229,3,0,29.267380,0.828326,0,26.686472,3.603520,0,6.732150,0,3.242030,0,0.898307,0,0.000000
132230,3,0,29.261671,0.827353,0,26.278460,3.603299,0,6.756757,0,3.264389,0,0.896810,0,0.000000
132231,3,0,29.235760,0.826612,0,26.509373,3.602266,0,6.736647,0,3.264389,0,0.895318,0,0.000000
132232,3,0,29.277021,0.825787,0,26.925034,3.602338,0,6.729718,0,3.242030,0,0.894574,0,0.000000
132233,3,0,29.227682,0.824995,0,26.753628,3.602479,0,6.707626,0,3.264389,0,0.893090,0,0.000000
132234,3,0,29.284750,0.824383,0,26.304705,3.601187,0,6.756073,0,3.286748,0,0.892352,0,0.000000
132235,3,0,29.358160,0.823457,0,26.890907,3.603032,0,6.746819,0,3.242030,0,0.891616,0,0.000000
132236,3,0,29.317705,0.822453,0,26.247307,3.602192,0,6.765833,0,3.264389,0,0.890145,0,0.000000
132237,3,0,29.262600,0.821664,0,26.305548,3.600024,0,6.758383,0,3.286748,0,0.889415,0,0.000000
132239,3,0,29.295853,0.822281,0,26.715687,3.603024,0,6.764398,0,3.264389,0,0.887952,0,0.000000
132240,3,0,29.331020,0.821546,0,26.427870,3.601354,0,6.792459,0,3.286748,0,0.887228,0,0.000000
132241,3,0,29.262545,0.820712,0,26.289118,3.598711,0,6.804056,0,3.264389,0,0.885774,0,0.000000
132242,3,0,29.323210,0.819982,0,26.587412,3.599202,0,6.811051,0,3.286748,0,0.884690,0,0.000000
132243,3,0,29.273968,0.819296,0,26.644106,3.599780,0,6.792961,0,3.286748,0,0.883975,0,0.000000
132244,3,0,29.271950,0.818089,0,26.452320,3.599190,0,6.819487,0,3.286748,0,0.883263,0,0.000000
132245,3,0,29.235031,0.817247,0,26.912329,3.597045,0,6.807722,0,3.264389,0,0.881824,0,0.000000
132246,3,0,29.289158,0.816183,0,26.149035,3.594801,0,6.814033,0,3.286748,0,0.881118,0,0.000000
132247,3,0,29.266182,0.815251,0,26.927246,3.594536,0,6.816457,0,3.264389,0,0.879687,0,0.000000
132248,3,0,29.238317,0.814359,0,26.740402,3.592178,0,6.840575,0,3.264389,0,0.878261,0,0.000000
132249,3,0,29.292078,0.813148,0,26.937860,3.589910,0,6.847943,0,3.264389,0,0.876840,0,0.000000
132250,3,0,29.311728,0.812555,0,25.999090,3.590094,0,6.840637,0,3.264389,0,0.875424,0,0.000000
132251,3,0,29.319048,0.811796,0,26.343540,3.589373,0,6.845702,0,3.264389,0,0.875454,0,0.000000
132252,3,0,29.298927,0.810980,0,26.395206,3.588580,0,6.861091,0,3.264389,0,0.874045,0,0.000000
132253,3,0,29.290459,0.809942,0,27.086775,3.589633,0,6.845303,0,3.264389,0,0.872639,0,0.000000
132254,3,0,29.219215,0.808882,0,26.520067,3.591233,0,6.852761,0,3.286748,0,0.871598,0,0.000000
132255,3,0,29.315207,0.808414,0,26.186855,3.590892,0,6.839291,0,3.264389,0,0.871634,0,0.000000
132256,3,0,29.281393,0.807560,0,26.768620,3.590911,0,6.830155,0,3.264389,0,0.870239,0,0.000000
132257,3,0,29.329418,0.806845,0,26.583431,3.591363,0,6.820260,0,3.264389,0,0.868849,0,0.000000
132258,3,0,29.233990,0.805948,0,26.175583,3.590021,0,6.830319,0,3.264389,0,0.867463,0,0.000000
132259,3,0,29.280870,0.805012,0,26.312593,3.587418,0,6.818879,0,3.264389,0,0.866082,0,0.000000
132300,3,0,29.266077,0.804315,0,26.573706,3.585826,0,6.814210,0,3.286748,0,0.865416,0,0.000000
132301,3,0,29.273739,0.803585,0,26.619776,3.584217,0,6.810594,0,3.264389,0,0.864043,0,0.000000
132302,3,0,29.304331,0.802808,0,26.470278,3.582296,0,6.821270,0,3.242030,0,0.863382,0,0.000000
132303,3,0,29.289104,0.802365,0,26.881226,3.580123,0,6.785140,0,3.286748,0,0.864139,0,0.000000
132304,3,0,29.287638,0.801411,0,26.296680,3.578869,0,6.772048,0,3.264389,0,0.862773,0,0.000000
132305,3,0,29.290043,0.800504,0,26.660587,3.577023,0,6.767530,0,3.264389,0,0.861413,0,0.000000
132306,3,0,29.310080,0.799949,0,26.744829,3.576823,0,6.769776,0,3.264389,0,0.860056,0,0.000000
132307,3,0,29.248911,0.799138,0,27.121229,3.573756,0,6.774403,0,3.309106,0,0.859407,0,0.000000
132308,3,0,29.221695,0.798303,0,26.033302,3.571384,0,6.758389,0,3.219671,0,0.858760,0,0.000000
132310,3,0,29.253727,0.797671,0,26.450249,3.567610,0,6.754221,0,3.264389,0,0.858465,0,0.000000
132310,3,0,29.320805,0.797142,0,26.258472,3.566458,0,6.734420,0,3.242030,0,0.857822,0,0.000000
132311,3,0,29.233789,0.796423,0,26.106041,3.566932,0,6.752482,0,3.219671,0,0.857529,0,0.000000
132312,3,0,29.295769,0.795629,0,26.664574,3.565131,0,6.739645,0,3.264389,0,0.856191,0,0.000000
132314,3,0,29.273966,0.794623,0,26.640165,3.562756,0,6.743208,0,3.242030,0,0.855554,0,0.000000
132314,3,0,29.297937,0.794043,0,26.591715,3.559665,0,6.738869,0,3.286748,0,0.854572,0,0.000000
132315,3,0,29.349075,0.793455,0,26.156168,3.559455,0,6.728323,0,3.242030,0,0.853939,0,0.000000
132317,3,0,29.264643,0.792743,0,27.065121,3.558366,0,6.736454,0,3.242030,0,0.854348,0,0.000000
132318,3,0,29.275927,0.792058,0,26.796072,3.556384,0,6.762743,0,3.264389,0,0.853026,0,0.000000
132319,3,0,29.261065,0.790993,0,26.484648,3.554376,0,6.741915,0,3.242030,0,0.852399,0,0.000000
132320,3,0,29.256655,0.790433,0,26.518938,3.553430,0,6.777589,0,3.264389,0,0.851083,0,0.000000
132321,3,0,29.315369,0.789999,0,26.616177,3.552725,0,6.760114,0,3.264389,0,0.851150,0,0.000000
132322,3,0,29.299648,0.789351,0,26.645885,3.554682,0,6.793220,0,3.264389,0,0.849840,0,0.000000
132323,3,0,29.303383,0.788357,0,26.727654,3.554492,0,6.794429,0,3.219671,0,0.849222,0,0.000000
132324,3,0,29.283047,0.787452,0,26.161997,3.554456,0,6.785749,0,3.264389,0,0.847919,0,0.000000
132325,3,0,29.287189,0.787840,0,27.272346,3.559545,0,6.801844,0,3.242030,0,0.847306,0,0.000000
132326,3,0,29.281214,0.787067,0,26.523647,3.559831,0,6.784734,0,3.264389,0,0.847378,0,0.000000
132327,3,0,29.275007,0.786166,0,26.685534,3.559549,0,6.811427,0,3.264389,0,0.846084,0,0.000000
132328,3,0,29.220558,0.785328,0,26.674583,3.558941,0,6.838548,0,3.264389,0,0.844794,0,0.000000
132329,3,0,29.289703,0.784577,0,26.314398,3.558109,0,6.832135,0,3.242030,0,0.844189,0,0.000000
132330,3,0,29.189823,0.783889,0,26.448126,3.554885,0,6.833528,0,3.242030,0,0.843586,0,0.000000
132331,3,0,29.308788,0.783263,0,27.144619,3.554743,0,6.837280,0,3.264389,0,0.842306,0,0.000000
132332,3,0,29.346207,0.782948,0,26.063334,3.555093,0,6.852460,0,3.219671,0,0.842384,0,0.000000
132333,3,0,29.221933,0.782088,0,26.715956,3.554723,0,6.844468,0,3.219671,0,0.842125,0,0.000000
132334,3,0,29.295238,0.781058,0,26.741257,3.554321,0,6.850017,0,3.264389,0,0.840853,0,0.000000
132335,3,0,29.254253,0.780151,0,27.011297,3.551771,0,6.862794,0,3.264389,0,0.839584,0,0.000000
132336,3,0,29.271811,0.779229,0,26.597797,3.549214,0,6.849900,0,3.264389,0,0.838320,0,0.000000
132337,3,0,29.253700,0.778467,0,26.598795,3.547055,0,6.829957,0,3.286748,0,0.837732,0,0.000000
132338,3,0,29.248222,0.777811,0,26.538755,3.545823,0,6.822446,0,3.242030,0,0.837145,0,0.000000
132339,3,0,29.275667,0.776964,0,26.757380,3.542676,0,6.830544,0,3.264389,0,0.836896,0,0.000000
132340,3,0,29.249689,0.776076,0,26.548323,3.539886,0,6.833163,0,3.309106,0,0.836982,0,0.000000
132341,3,0,29.319014,0.775444,0,26.343086,3.539961,0,6.836018,0,3.264389,0,0.837068,0,0.000000
132342,3,0,29.345331,0.774661,0,25.987730,3.537056,0,6.815801,0,3.309106,0,0.838154,0,0.000000
132343,3,0,29.230429,0.773939,0,26.992437,3.535370,0,6.796950,0,3.309106,0,0.837905,0,0.000000
132344,3,0,29.317083,0.773182,0,26.710312,3.532345,0,6.800788,0,3.242030,0,0.837324,0,0.000000
132345,3,0,29.288229,0.772522,0,26.218325,3.531214,0,6.792630,0,3.219671,0,0.837076,0,0.000000
132346,3,0,29.257549,0.771982,0,26.210936,3.530325,0,6.793039,0,3.264389,0,0.835834,0,0.000000
132347,3,0,29.252226,0.771275,0,27.121370,3.529095,0,6.790513,0,3.242030,0,0.834927,0,0.000000
132348,3,0,29.301315,0.770819,0,26.020987,3.528277,0,6.789112,0,3.242030,0,0.834354,0,0.000000
132349,3,0,29.278845,0.769877,0,26.578913,3.529302,0,6.787892,0,3.242030,0,0.833451,0,0.000000
132350,3,0,29.268740,0.769397,0,26.562706,3.528238,0,6.773447,0,3.264389,0,0.833541,0,0.000000
132351,3,0,29.278301,0.768376,0,26.554064,3.527041,0,6.748257,0,3.286748,0,0.832972,0,0.000000
132352,3,0,29.232037,0.767739,0,26.193876,3.527706,0,6.782748,0,3.286748,0,0.833062,0,0.000000
132353,3,0,29.214951,0.767041,0,26.608572,3.526459,0,6.748441,0,3.264389,0,0.832824,0,0.000000
132354,3,0,29.225035,0.766455,0,26.569267,3.525752,0,6.743799,0,3.264389,0,0.831603,0,0.000000
132355,3,0,29.174383,0.766223,0,26.405493,3.524146,0,6.756372,0,3.242030,0,0.832022,0,0.000000
132356,3,0,29.237457,0.765540,0,26.611673,3.525053,0,6.732393,0,3.219671,0,0.832113,0,0.000000
132357,3,0,29.279137,0.764880,0,26.488655,3.525269,0,6.737771,0,3.264389,0,0.830899,0,0.000000
132359,3,0,29.267651,0.764235,0,26.275169,3.525149,0,6.728134,0,3.286748,0,0.830339,0,0.000000
132400,3,0,29.305361,0.763359,0,27.047491,3.523946,0,6.748283,0,3.242030,0,0.829782,0,0.000000
132401,3,0,29.266239,0.763850,0,27.116009,3.529434,0,6.754135,0,3.242030,0,0.829225,0,0.000000
132402,3,0,29.309774,0.763320,0,26.632223,3.529502,0,6.747792,0,3.286748,0,0.828671,0,0.000000
132403,3,0,29.231676,0.762813,0,26.338829,3.528067,0,6.780312,0,3.331465,0,0.829090,0,0.000000
132404,3,0,29.240561,0.762221,0,26.652004,3.528902,0,6.783294,0,3.219671,0,0.828538,0,0.000000
132405,3,0,29.302584,0.761619,0,27.097589,3.529227,0,6.795243,0,3.286748,0,0.827987,0,0.000000
132406,3,0,29.312447,0.761091,0,26.799334,3.525979,0,6.817184,0,3.219671,0,0.828082,0,0.000000
132407,3,0,29.295496,0.760529,0,27.369240,3.528402,0,6.812486,0,3.264389,0,0.826889,0,0.000000
132408,3,0,29.332037,0.760023,0,26.738672,3.528108,0,6.818690,0,3.286748,0,0.826021,0,0.000000
132409,3,0,29.286270,0.759415,0,26.843849,3.526426,0,6.801935,0,3.242030,0,0.825477,0,0.000000
132410,3,0,29.320196,0.758726,0,26.101795,3.527668,0,6.805427,0,3.219671,0,0.824613,0,0.000000
132411,3,0,29.329763,0.758199,0,26.435379,3.526101,0,6.869217,0,3.264389,0,0.823432,0,0.000000
132412,3,0,29.303965,0.757715,0,26.804722,3.527136,0,6.852130,0,3.309106,0,0.823533,0,0.000000
132413,3,0,29.241741,0.757111,0,27.198339,3.526507,0,6.843070,0,3.242030,0,0.823634,0,0.000000
132414,3,0,29.252132,0.756487,0,26.266010,3.526860,0,6.841702,0,3.242030,0,0.822778,0,0.000000
132415,3,0,29.335255,0.755766,0,26.749590,3.528068,0,6.845994,0,3.242030,0,0.822243,0,0.000000
132416,3,0,29.248798,0.755253,0,26.569944,3.526075,0,6.868979,0,3.286748,0,0.821710,0,0.000000
132417,3,0,29.248541,0.754896,0,26.193712,3.526015,0,6.823060,0,3.264389,0,0.820543,0,0.000000
132418,3,0,29.221277,0.754335,0,26.604227,3.527376,0,6.840096,0,3.264389,0,0.819379,0,0.000000
132419,3,0,29.327547,0.753742,0,26.122061,3.528943,0,6.834873,0,3.264389,0,0.818218,0,0.000000
132420,3,0,29.303257,0.753095,0,26.731627,3.527616,0,6.855854,0,3.242030,0,0.817693,0,0.000000
132421,3,0,29.284163,0.752281,0,26.275217,3.526186,0,6.819517,0,3.264389,0,0.816539,0,0.000000
132422,3,0,29.264397,0.751731,0,27.161295,3.526671,0,6.831120,0,3.219671,0,0.816018,0,0.000000
132423,3,0,29.257158,0.750976,0,26.682066,3.527086,0,6.814779,0,3.286748,0,0.815183,0,0.000000
132424,3,0,29.288900,0.750464,0,26.640471,3.524785,0,6.798598,0,3.264389,0,0.814037,0,0.000000
132425,3,0,29.328568,0.750146,0,27.621038,3.524588,0,6.801027,0,3.242030,0,0.813521,0,0.000000
132426,3,0,29.264107,0.749781,0,26.329409,3.523383,0,6.800776,0,3.219671,0,0.812694,0,0.000000
132427,3,0,29.282928,0.749276,0,26.161564,3.523831,0,6.802345,0,3.242030,0,0.812182,0,0.000000
132428,3,0,29.210203,0.748532,0,27.043182,3.523417,0,6.760388,0,3.264389,0,0.811046,0,0.000000
132429,3,0,29.252886,0.748081,0,26.865715,3.525250,0,6.781167,0,3.197312,0,0.811163,0,0.000000
132430,3,0,29.309984,0.747418,0,26.386568,3.522860,0,6.767319,0,3.197312,0,0.810967,0,0.000000
132431,3,0,29.258776,0.746806,0,26.524099,3.520883,0,6.749025,0,3.264389,0,0.809837,0,0.000000
132432,3,0,29.229536,0.746149,0,26.602699,3.519197,0,6.752323,0,3.219671,0,0.809022,0,0.000000
132433,3,0,29.247152,0.745734,0,26.804464,3.517535,0,6.731311,0,3.264389,0,0.807898,0,0.000000
132434,3,0,29.260895,0.744875,0,26.245253,3.515328,0,6.754256,0,3.242030,0,0.807398,0,0.000000
132435,3,0,29.293314,0.744408,0,26.709877,3.515354,0,6.726388,0,3.264389,0,0.806280,0,0.000000
132436,3,0,29.336908,0.744821,0,26.081728,3.517021,0,6.764349,0,3.264389,0,0.805164,0,0.000000
132437,3,0,29.223724,0.744324,0,26.581673,3.515565,0,6.732407,0,3.242030,0,0.804670,0,0.000000
132439,3,0,29.208927,0.743946,0,26.628738,3.513934,0,6.729404,0,3.219671,0,0.804485,0,0.000000
132440,3,0,29.222309,0.743398,0,27.155746,3.512142,0,6.743202,0,3.152595,0,0.805225,0,0.000000
132441,3,0,29.296349,0.742834,0,26.067406,3.509094,0,6.742036,0,3.219671,0,0.805040,0,0.000000
132442,3,0,29.280910,0.742140,0,26.666069,3.508763,0,6.754007,0,3.242030,0,0.804549,0,0.000000
132443,3,0,29.318958,0.742007,0,26.729494,3.507924,0,6.758726,0,3.197312,0,0.804979,0,0.000000
132444,4,0,29.321049,0.741954,0,26.243458,3.505226,0,6.750436,0,3.242030,0,0.805101,0,0.000000
132445,4,0,29.207771,0.741521,0,26.266882,3.507387,0,6.764734,0,3.174953,0,0.001529,0,0.000000
132446,4,0,29.258410,0.740760,0,26.642702,3.503954,0,6.809287,0,3.197312,0,0.000000,0,0.000000
132447,4,0,29.228453,0.740513,0,26.791481,3.502352,0,6.798609,0,3.174953,0,2.683064,0,0.000000
132448,4,0,29.154333,0.743863,0,26.383013,3.505172,0,6.864264,0,3.242030,0,1.565121,0,0.000000
132449,4,0,29.256998,0.743943,0,26.498623,3.503248,0,6.793709,0,3.242030,0,1.192473,0,0.000000
132450,4,0,29.303226,0.743247,0,26.588043,3.501315,0,6.803857,0,3.197312,0,1.062046,0,0.000000
132451,4,0,29.185509,0.742789,0,26.250839,3.499705,0,6.830120,0,3.242030,0,0.939072,0,0.000000
132452,4,0,29.232418,0.742198,0,26.537628,3.498113,0,6.839492,0,3.219671,0,0.894355,0,0.000000
132453,4,0,29.284496,0.741669,0,26.142870,3.496485,0,6.809636,0,4.740074,0,1.533179,1,22.112190
132454,4,0,29.246201,0.741174,0,27.065510,3.494981,0,6.812912,0,6.685295,0,1.481275,2,90.809998
132455,4,0,29.251425,0.740754,0,26.007681,3.492867,0,6.831425,0,6.416988,0,1.589964,2,65.857224
132456,4,0,29.229347,0.740246,0,26.580465,3.490403,0,6.855046,0,4.359973,0,1.498044,0,0.000000
132457,4,0,29.293789,0.739926,0,26.550667,3.489359,0,6.845636,0,3.957513,0,1.402511,0,0.000000
132458,4,0,29.285982,0.739330,0,26.299736,3.487796,0,6.862072,0,3.801002,0,1.341532,0,0.000000
132459,4,0,29.278103,0.738886,0,26.305916,3.486052,0,6.839547,0,3.666849,0,1.272735,0,0.000000
132500,4,0,29.227331,0.738715,0,26.241161,3.485993,0,6.852365,0,3.666849,0,1.213767,0,0.000000
132501,4,0,29.277895,0.738117,0,26.490864,3.482757,0,6.867894,0,3.644490,0,1.192473,0,0.000000
132502,4,0,29.284082,0.737861,0,27.024086,3.482800,0,6.835863,0,3.622131,0,1.159866,0,0.000000
132503,4,0,29.229080,0.737368,0,26.357330,3.481158,0,0.762321,0,3.577413,0,1.157400,0,0.000000
132504,4,0,29.209604,0.737411,0,26.813322,3.480348,-1,-57.826782,0,3.555054,0,1.117943,0,0.000000
132505,4,0,29.278509,0.737043,0,26.160269,3.479404,1,21.029039,0,3.622131,0,1.094408,0,0.000000
132506,4,0,29.331036,0.000184,0,26.757952,0.003312,2,56.410816,0,3.555054,0,1.062046,0,0.000000
132507,4,0,29.286924,0.000000,0,26.389036,0.000000,2,58.625488,0,3.510336,0,1.032767,0,0.000000
132508,4,0,29.298075,0.959986,0,26.676428,8.367399,2,61.263226,0,3.555054,0,1.016312,0,0.000000
132509,4,0,29.262896,0.667185,0,26.809191,5.500572,2,61.457973,0,3.510336,0,0.991567,0,0.000000
132510,4,0,29.173281,0.590800,0,26.569889,4.301353,2,57.459976,0,3.532695,0,0.968884,0,0.000000
132511,4,0,29.223639,0.502503,0,26.329367,3.688496,1,31.365707,0,3.510336,0,0.948016,0,0.000000
132512,4,0,29.270983,0.478666,0,26.735985,3.576451,1,21.009539,0,3.487978,0,0.911554,0,0.000000
132513,4,0,29.290514,0.456259,0,27.021107,3.157640,1,21.201902,0,3.487978,0,0.877793,0,0.000000
132514,4,0,29.365887,0.452334,0,26.488348,3.055751,1,21.111416,0,3.487978,0,0.846443,0,0.000000
132515,4,0,29.285089,0.454907,0,26.620314,3.185742,1,20.094706,0,3.510336,0,0.832675,0,0.000000
132516,4,0,29.225969,0.476239,0,26.695274,3.138874,0,19.589581,0,3.487978,0,0.804919,0,0.000000
